timestamp,keyword,title,link,description,pubDate,status
2025-12-03 12:33:45,경제,3분기 韓 <b>경제</b> 1.3% 성장…민간소비 3년 만에 최대(2보),https://n.news.naver.com/mnews/article/003/0013635520?sid=101,한국은행이 3일 발표한 '2025년 3분기 및 연간 국민소득(잠정)'에 따르면 우리나라의 올해 3분기 실질 GDP 잠정치는 전기대비 1.3% 증가했다. 지난해 1분기(1.2%) 이후 첫 1%대 성장률로 2021년 4분기(1.6%) 이후 최대치다.... ,"Wed, 03 Dec 2025 08:02:00 +0900",success
2025-12-03 12:33:45,경제,"트럼프, 해싯 백악관 <b>경제</b>위원장 소개하며 &quot;잠재적 연준 의장&quot;",https://n.news.naver.com/mnews/article/001/0015775019?sid=104,백악관 내각 회의서 &quot;내년 초 새 연준 의장 발표&quot; 박성민 특파원 = 도널드 트럼프 미국 대통령이 2일(현지시간) 케빈 해싯 백악관 국가<b>경제</b>위원회(NEC) 위원장을 미 중앙은행인 연방준비제도(Fed·연준)의 유력 차기 의장... ,"Wed, 03 Dec 2025 06:10:00 +0900",success
2025-12-03 12:33:45,경제,"OECD, 올해 韓성장률 1.0%…내년 2.2→2.1%로 전망",https://n.news.naver.com/mnews/article/015/0005219171?sid=101,<b>경제</b>협력개발기구(OECD)가 올해 한국 <b>경제</b>성장률 전망치를 종전과 같은 1.0%로 유지했다. 내년 성장률은 지난 9월 전망치보다 0.1%포인트 낮은 2.1%로 내다봤다. OECD는 2일 발표한 ‘<b>경제</b>전망’ 보고서에서 올해 한국... ,"Tue, 02 Dec 2025 19:01:00 +0900",success
2025-12-03 12:33:45,경제,"OECD, 내년 韓 <b>경제</b> 성장률 2.2→2.1% 하향",https://n.news.naver.com/mnews/article/081/0003597474?sid=101,<b>경제</b>협력개발기구(OECD)가 한국의 내년 <b>경제</b>성장률 전망치를 2.2%에서 2.1%로 낮췄다. 일본·미국 등 주요국의 전망치는 일제히 상향한 가운데 한국만 하향 조정됐다. 2일 기획재정부에 따르면 OECD는 이날 발표한 정례... ,"Tue, 02 Dec 2025 19:19:00 +0900",success
2025-12-03 12:33:45,경제,"OECD, 한국 <b>경제</b> 성장률 ‘올해 1.0% 유지, 내년 2.1%로 하향’ 전망",https://n.news.naver.com/mnews/article/032/0003412611?sid=101,<b>경제</b>협력개발기구(OECD)가 올해 한국<b>경제</b> 성장률 전망치를 석 달 전과 같은 1.0%로 유지했다. 다만 내년 성장률은 0.1%포인트를 낮춰 전망했다. 2일 기획재정부에 따르면 OECD는 ‘<b>경제</b>전망’을 통해 올해 한국 성장률... ,"Tue, 02 Dec 2025 19:00:00 +0900",success
2025-12-03 12:33:45,부동산,‘10억 로또’ 청량리역 ‘줍줍’에 12만명 몰렸다[<b>부동산</b>360],https://n.news.naver.com/mnews/article/016/0002566561?sid=101,"3일 한국<b>부동산</b>원 청약홈 자료에 따르면, ‘청량리역 롯데캐슬 SKY-L65’ 잔여 3가구 모집에 12만5934명이 신청했다. 실거주 의무가 없고 약 10억원의 시세차익이 기대되는 매물이라는 점이 역대급 ‘줍줍 경쟁’을... ","Wed, 03 Dec 2025 11:05:00 +0900",success
2025-12-03 12:33:45,부동산,1년 만에 7000개 상업용 <b>부동산</b> DB 구축…시장서 10만건 이상 활용,https://n.news.naver.com/mnews/article/015/0005218881?sid=101,&quot;과거엔 상업용 <b>부동산</b> 데이터 수집의 어려움으로 학계의 연구가 '근사치 추정'에 머물렀지만 알스퀘어의... &quot;(신승우 건국대학교 <b>부동산</b> 대학원 교수) &quot;증권사의 리서치팀은 빠르고 정확한 분석이 중요하다. 과거엔... ,"Tue, 02 Dec 2025 13:01:00 +0900",success
2025-12-03 12:33:45,부동산,"[단독] 성남시, ‘대장동 일당’ <b>부동산</b> 등에 가압류 신청",https://n.news.naver.com/mnews/article/023/0003944348?sid=102,"본지 취재를 종합하면, 성남시 측은 대장동 일당의 <b>부동산</b>·예금 등을 대상으로 약 13건의 가압류 신청을... 성남시 측은 이들이 보유한 <b>부동산</b> 소재지 등을 고려해 서울중앙지법과 수원지법 성남지원 등에 각각 가압류를... ","Tue, 02 Dec 2025 05:01:00 +0900",success
2025-12-03 12:33:45,부동산,"알스퀘어 'RA', 데이터로 <b>부동산</b> 투자 패러다임 혁신",https://weekly.hankooki.com/news/articleView.html?idxno=7139600,상업용 <b>부동산</b> 데이터 솔루션 운용 성과와 AI 기반 확장 전략을 공개했다. 2일 알스퀘어에 따르면 RA는 출시 1년 만에 전국 7000개 이상 상업용 <b>부동산</b> 자산 데이터를 구축하고 150개 고객사를 확보했다. 월평균 1만 건... ,"Tue, 02 Dec 2025 15:34:00 +0900",success
2025-12-03 12:33:45,부동산,<b>부동산</b> 투자 큰손들은 다 쓴다…전국 7천곳 빌딩·상가 정보 한눈에,https://n.news.naver.com/mnews/article/014/0005443025?sid=101,"상업용 <b>부동산</b> 종합서비스 기업 알스퀘어가 출시한 데이터 플랫폼 RA가 출시 1주년을 맞았다. RA는 국내 상업용 <b>부동산</b> 시장의 고질적인 문제로 꼽히는 정보 비대칭 해결을 위해 개발된 솔루션으로, 상세한 정보를... ","Tue, 02 Dec 2025 15:03:00 +0900",success
2025-12-03 12:33:45,반도체,"한화시스템, '위성용 우주<b>반도체</b>' 개발 착수",https://n.news.naver.com/mnews/article/030/0003376548?sid=101,한화시스템이 대한민국 국방우주 기술 자립을 위한 첫걸음인 '위성용 우주<b>반도체</b>' 개발에 착수했다. 우주<b>반도체</b>가 순수 우리 기술로 개발되는 것은 이번이 처음이다. 한화시스템은 국방기술진흥연구소와 '(초)소형 위성용... ,"Wed, 03 Dec 2025 09:40:00 +0900",success
2025-12-03 12:33:45,반도체,"한화시스템, 韓 독자기술 ‘우주<b>반도체</b>’ 첫 개발 착수",https://n.news.naver.com/mnews/article/023/0003944653?sid=101,한화시스템이 순수 국내 기술로 위성용 우주<b>반도체</b> 개발에 나섰다. 우주 환경에서도 안정적으로 작동하도록 설계된 우주<b>반도체</b>가 순수 우리 기술로 개발되는 것은 이번이 처음이다. 한화시스템은 3일... ,"Wed, 03 Dec 2025 11:01:00 +0900",success
2025-12-03 12:33:45,반도체,"SK에코플랜트, <b>반도체</b> 소재 4개사 자회사 편입…<b>반도체</b>·AI 역량 강화",https://n.news.naver.com/mnews/article/003/0013633641?sid=105,이번 편입은 SK에코플랜트가 <b>반도체</b>와 인공지능(AI) 중심으로 서비스 역량을 강화하는 것으로 풀이된다. 신규 편입 4개사는 포토·식각가스·증착·금속배선·패키징 등 <b>반도체</b> 제조 전 과정과 OLED 증착 등 디스플레이... ,"Tue, 02 Dec 2025 11:08:00 +0900",success
2025-12-03 12:33:45,반도체,"한화시스템, 위성용 우주<b>반도체</b> 개발 착수",https://n.news.naver.com/mnews/article/018/0006176558?sid=101,한화시스템이 대한민국 국방우주 기술 자립을 위한 첫걸음인 ‘위성용 우주<b>반도체</b>’ 개발에 착수했다. 우주<b>반도체</b>가 순수 우리 기술로 개발되는 것은 이번이 처음이다. 한화시스템은 국방기술진흥연구소와 ‘(초)소형... ,"Wed, 03 Dec 2025 09:05:00 +0900",success
2025-12-03 12:33:45,반도체,"미, 한·일 포함 8개국과 <b>반도체</b>·광물 공급망 강화 추진",https://n.news.naver.com/mnews/article/016/0002566436?sid=104,[EPA] 미국이 인공지능(AI) 산업의 핵심 요소인 <b>반도체</b>와 중요 광물 공급망을 강화하기 위해 한국·일본을... 제이컵 헬버그 미 국무부 경제성장·에너지·환경 담당 차관은 2일(현지시간) 블룸버그 인터뷰에서 “AI·<b>반도체</b>... ,"Wed, 03 Dec 2025 09:36:00 +0900",success
2025-12-03 12:33:45,코스피,"‘<b>코스피</b> 불장’에 증권사 수탁수수료, 4년 만에 2조원 돌파",https://n.news.naver.com/mnews/article/028/0002779594?sid=101,최근 <b>코스피</b>가 10월 사상 처음 4000을 돌파하는 등 주식시장이 강세를 보이며 거래대금이 크게 늘어난 영향이다. <b>코스피</b>·코스닥 거래대금은 지난 2분기 1415조원에서 3분기 1677조3000억원으로 증가했다. 다만 3분기... ,"Wed, 03 Dec 2025 12:00:00 +0900",success
2025-12-03 12:33:45,코스피,"<b>코스피</b>, 장 초반 올라 4,010대 회복…코스닥 강보합(종합)",https://n.news.naver.com/mnews/article/001/0015775438?sid=101,"외국인 '팔자', 개인·기관 순매수…삼성전자 상승, 하이닉스 하락 방산·원전주도 강세…금융주는 하락 <b>코스피</b>가 3일 간밤 뉴욕증시 강세에 장 초반 올라 4,010대를 나타내고 있다. 이날 오전 9시 39분 기준 <b>코스피</b>... ","Wed, 03 Dec 2025 09:48:00 +0900",success
2025-12-03 12:33:45,코스피,"“반갑다, 사천피” <b>코스피</b>, 장중 4거래일 만에 4010선 회복…코스닥도...",https://n.news.naver.com/mnews/article/016/0002566503?sid=101,"<b>코스피</b> 0.38% 오른 4010포인트 삼성전자 상승, 하이닉스 하락에 희비교차 방산·원전주도 강세…금융주는 하락 3일 서울 중구 하나은행 딜링룸 현황판에 <b>코스피</b> 지수 등이 표시되고 있다. 이날 <b>코스피</b>는 상승... ","Wed, 03 Dec 2025 10:19:00 +0900",success
2025-12-03 12:33:45,코스피,"<b>코스피</b>, 4거래일 만에 '4천피' 복귀…환율 1468원",https://n.news.naver.com/mnews/article/079/0004092063?sid=101,<b>코스피</b>가 4거래일 만에 장중 4천선을 회복했다. 3일 <b>코스피</b>는 전 거래일보다 0.38% 오른 4010.26으로 출발했다. <b>코스피</b>가 장중 4천선을 회복한 것은 지난달 27일(4023.42) 이후 4거래일 만이다. '반도체 투톱... ,"Wed, 03 Dec 2025 09:28:00 +0900",success
2025-12-03 12:33:45,코스피,"<b>코스피</b>, 장중 4,050선 돌파…외인·기관, 동반 매수",https://n.news.naver.com/mnews/article/215/0001233216?sid=101,"<b>코스피</b>가 1%대 강세다. 4,050선에서 등락 중인데, 추가로 상승폭 확대를 시도하는 모습이다. 외국인과 기관이 동반 매수에 나서며 지수를 밀어 올리고 있다. 3일 오전 11시8분 현재 <b>코스피</b>지수는... ","Wed, 03 Dec 2025 11:07:00 +0900",success
2025-12-03 20:00:02,경제,"트럼프, 해싯 백악관 <b>경제</b>위원장 소개하며 &quot;잠재적 연준 의장&quot;",https://n.news.naver.com/mnews/article/001/0015775019?sid=104,백악관 내각 회의서 &quot;내년 초 새 연준 의장 발표&quot; 박성민 특파원 = 도널드 트럼프 미국 대통령이 2일(현지시간) 케빈 해싯 백악관 국가<b>경제</b>위원회(NEC) 위원장을 미 중앙은행인 연방준비제도(Fed·연준)의 유력 차기 의장... ,"Wed, 03 Dec 2025 06:10:00 +0900",success
2025-12-03 20:00:02,경제,3분기 韓 <b>경제</b> 1.3% 성장…민간소비 3년 만에 최대(2보),https://n.news.naver.com/mnews/article/003/0013635520?sid=101,한국은행이 3일 발표한 '2025년 3분기 및 연간 국민소득(잠정)'에 따르면 우리나라의 올해 3분기 실질 GDP 잠정치는 전기대비 1.3% 증가했다. 지난해 1분기(1.2%) 이후 첫 1%대 성장률로 2021년 4분기(1.6%) 이후 최대치다.... ,"Wed, 03 Dec 2025 08:02:00 +0900",success
2025-12-03 20:00:02,경제,李대통령 &quot;빠른 韓 <b>경제</b> 회복세에 물가 상승…대책 마련 중&quot;,https://n.news.naver.com/mnews/article/015/0005219503?sid=102,이재명 대통령은 3일 최근 물가 상승의 배경에는 한국 <b>경제</b>가 급속도로 회복하는 영향도 있다며 관련 대책을... 이 대통령은 “물가와 <b>경제</b>성장의 관계를 고려해볼 필요가 있다”며 “<b>경제</b>가 매우 빠른 회복세를 보이는... ,"Wed, 03 Dec 2025 12:46:00 +0900",success
2025-12-03 20:00:02,경제,李대통령 &quot;물가 상승은 급격한 <b>경제</b>회복 때문&quot;,https://n.news.naver.com/mnews/article/215/0001233237?sid=101,이재명 대통령은 3일 최근 물가 상승과 관련해 한국 <b>경제</b>의 빠른 회복세가 주요 배경 중 하나라고 설명하며... 이 대통령은 &quot;물가와 <b>경제</b>성장의 관계를 생각해볼 필요가 있다&quot;며 &quot;<b>경제</b>가 아주 급격한 회복세를 보이고 있기에... ,"Wed, 03 Dec 2025 14:04:00 +0900",success
2025-12-03 20:00:02,경제,벡스코 연간 <b>경제</b> 효과 2조 5000억… 지역 마이스 성장 ‘엔진’,https://n.news.naver.com/mnews/article/082/0001356780?sid=101,벡스코가 연간 2조 5810억 원 규모의 <b>경제</b>효과를 낸 것으로 분석됐다. 창립 30주년을 맞아 실시한 파급효과 조사 결과다. 벡스코는 이번 조사를 통해 <b>경제</b>적 효과뿐만 아니라 사회·문화적 영향도 처음 측정했다.... ,"Wed, 03 Dec 2025 18:47:00 +0900",success
2025-12-03 20:00:02,부동산,"오세훈, 세운4구역 개발 '일타강사'로 나서…&quot;결단 내릴 시점&quot;[<b>부동산</b>At...",https://n.news.naver.com/mnews/article/277/0005688567?sid=101,종묘 앞 세운4구역 재개발 논란과 관련해 오세훈 서울시장이 개발 추진 과정 및 계획 등을 설명했다. 오 시장은 3일 서울시장 홈페이지에 공개된 '일타시장 오세훈 - 종묘와 세운4구역 이슈 총정리' 영상을 통해... ,"Wed, 03 Dec 2025 18:24:00 +0900",success
2025-12-03 20:00:02,부동산,1년 만에 7000개 상업용 <b>부동산</b> DB 구축…시장서 10만건 이상 활용,https://n.news.naver.com/mnews/article/015/0005218881?sid=101,&quot;과거엔 상업용 <b>부동산</b> 데이터 수집의 어려움으로 학계의 연구가 '근사치 추정'에 머물렀지만 알스퀘어의... &quot;(신승우 건국대학교 <b>부동산</b> 대학원 교수) &quot;증권사의 리서치팀은 빠르고 정확한 분석이 중요하다. 과거엔... ,"Tue, 02 Dec 2025 13:01:00 +0900",success
2025-12-03 20:00:02,부동산,&quot;청년층에 <b>부동산</b> 중개수수료 지원해야&quot;…김해시의회 5분 발언,https://n.news.naver.com/mnews/article/001/0015776404?sid=102,경남 김해지역 청년 주거 안정을 위해 <b>부동산</b> 중개수수료를 지원해야 한다는 주장이 제기됐다. 김해시의회... 시가 <b>부동산</b> 중개수수료를 지원해야 한다&quot;고 주장했다. 김 의원은 &quot;전월세 임대차 <b>부동산</b> 중개수수료는 거래... ,"Wed, 03 Dec 2025 14:13:00 +0900",success
2025-12-03 20:00:02,부동산,‘10억 로또’ 청량리역 ‘줍줍’에 12만명 몰렸다[<b>부동산</b>360],https://n.news.naver.com/mnews/article/016/0002566561?sid=101,"3일 한국<b>부동산</b>원 청약홈 자료에 따르면, ‘청량리역 롯데캐슬 SKY-L65’ 잔여 3가구 모집에 12만5934명이 신청했다. 실거주 의무가 없고 약 10억원의 시세차익이 기대되는 매물이라는 점이 역대급 ‘줍줍 경쟁’을... ","Wed, 03 Dec 2025 11:05:00 +0900",success
2025-12-03 20:00:02,부동산,"한국<b>부동산</b>원, 관계부처와 ‘빈집확인등기 우편서비스 업무협약’ 체결",https://n.news.naver.com/mnews/article/009/0005600161?sid=101,한국<b>부동산</b>원(원장 손태락)과 전국 빈집을 보다 정확하고 효율적으로 파악하기 위해 ‘빈집확인등기... 빈집실태조사를 대행하는 <b>부동산</b>원이 추정 빈집에 대해 빈집확인등기를 발송하면 지역 사정을 잘 아는 우체국... ,"Wed, 03 Dec 2025 14:04:00 +0900",success
2025-12-03 20:00:02,반도체,<b>반도체</b> 공장 건설 붐 타고…올해 1.1% 성장 보인다,https://n.news.naver.com/mnews/article/015/0005219712?sid=101,"고대역폭메모리(HBM) 등 <b>반도체</b> 수요가 급증하면서 삼성전자와 SK하이닉스가 평택, 청주, 인천 등지에서... 있었지만 <b>반도체</b> 생산공장을 중심으로 비주거용 건물 건설투자가 양호한 모습을 보였다”고 설명했다.... ","Wed, 03 Dec 2025 17:35:00 +0900",success
2025-12-03 20:00:02,반도체,"한화시스템, 韓 독자기술 ‘우주<b>반도체</b>’ 첫 개발 착수",https://n.news.naver.com/mnews/article/023/0003944653?sid=101,한화시스템이 순수 국내 기술로 위성용 우주<b>반도체</b> 개발에 나섰다. 우주 환경에서도 안정적으로 작동하도록 설계된 우주<b>반도체</b>가 순수 우리 기술로 개발되는 것은 이번이 처음이다. 한화시스템은 3일... ,"Wed, 03 Dec 2025 11:01:00 +0900",success
2025-12-03 20:00:02,반도체,"한화시스템, '위성용 우주<b>반도체</b>' 개발 착수",https://n.news.naver.com/mnews/article/030/0003376548?sid=101,한화시스템이 대한민국 국방우주 기술 자립을 위한 첫걸음인 '위성용 우주<b>반도체</b>' 개발에 착수했다. 우주<b>반도체</b>가 순수 우리 기술로 개발되는 것은 이번이 처음이다. 한화시스템은 국방기술진흥연구소와 '(초)소형 위성용... ,"Wed, 03 Dec 2025 09:40:00 +0900",success
2025-12-03 20:00:02,반도체,"서강대, 이천시와 <b>반도체</b> 인재 양성 나선다",https://n.news.naver.com/mnews/article/003/0013637556?sid=102,전수현 인턴 기자 = 서강대는 이날(3일) 판교디지털 혁신캠퍼스에서 이천시와 <b>반도체</b> 분야 맞춤형 인재 양성 및 지역산업 경쟁력 강화를 위한 업무협약(MOU)을 체결했다. 이번 협약은 <b>반도체</b> 특성화 학과와 산업 연계 교육... ,"Wed, 03 Dec 2025 17:14:00 +0900",success
2025-12-03 20:00:02,반도체,"황기연 수은 행장, 취임 첫 현장은 <b>반도체</b>",https://n.news.naver.com/mnews/article/014/0005443892?sid=101,한국수출입은행은 황기연 행장이 취임 후 첫 행보로 <b>반도체</b> 장비업체 원익IPS를 찾았다고 3일 밝혔다. 황... 수출입은행은 올해만 <b>반도체</b>·배터리 등 첨단전략산업에 총 8조원 이상을 지원하고 있다. 내년에는 지원... ,"Wed, 03 Dec 2025 19:04:00 +0900",success
2025-12-03 20:00:02,코스피,"<b>코스피</b>, 9거래일 만에 4,000선 회복…코스닥 2년4개월만 최고",https://n.news.naver.com/mnews/article/057/0001922684?sid=101,"<b>코스피</b>가 오늘(3일) 간밤 뉴욕증시 강세에 힘입어 1% 넘게 상승하며 9거래일 만에 4,000선을 회복하며 장을 마쳤습니다. 코스닥지수도 6거래일 연속 오르며 2년 4개월 만에 최고치를 기록했습니다. 오늘 <b>코스피</b>는... ","Wed, 03 Dec 2025 16:42:00 +0900",success
2025-12-03 20:00:02,코스피,"<b>코스피</b>, 9거래일만 ‘사천피’ 회복…코스닥은 6거래일 연속 상승 [투자...",https://n.news.naver.com/mnews/article/016/0002566807?sid=101,<b>코스피</b>‘쌍끌이 매수’…반도체·자동차 강세 코스닥 6거래일 연속 상승…2년 4개월 만 최고치 원·달러 환율 1468원 마감…연준 금리인하 기대 여전 3일 오후 서울 중구 하나은행 본점 딜링룸 현황판에 <b>코스피</b>... ,"Wed, 03 Dec 2025 16:38:00 +0900",success
2025-12-03 20:00:02,코스피,"<b>코스피</b>, 9거래일 만에 4,000선 탈환…코스닥 2년4개월만 최고(종합)",https://n.news.naver.com/mnews/article/001/0015776917?sid=101,"상승 <b>코스피</b>가 3일 간밤 뉴욕증시 강세에 1% 넘게 상승해 9거래일 만에 4,000대에서 장을 마쳤다. 코스닥지수도 6거래일 연속 올라 2년 4개월 만에 최고치를 기록했다. 이날 <b>코스피</b>는 전장보다 41.37포인트(1.04%) 오른... ","Wed, 03 Dec 2025 16:18:00 +0900",success
2025-12-03 20:00:02,코스피,"<b>코스피</b>, 9거래일 만에 4000선 복귀…코스닥 엿새째 상승",https://n.news.naver.com/mnews/article/654/0000154742?sid=101,<b>코스피</b>가 9 거래일 만에 종가 기준 4000선을 탈환했다. 코스닥은 엿새째 상승 마감했다. 3일 <b>코스피</b>는 전장보다 41.37포인트(1.04%) 오른 4036.30에 장을 마쳤다. 이날 <b>코스피</b> 지수는 전장보다 15.33포인트(0.38... ,"Wed, 03 Dec 2025 15:55:00 +0900",success
2025-12-03 20:00:02,코스피,"<b>코스피</b>, 9거래일 만에 '4천피' 탈환…환율 1468원",https://n.news.naver.com/mnews/article/079/0004092366?sid=101,<b>코스피</b>가 9거래일 만에 종가 기준 4천선을 재탈환했다. 3일 <b>코스피</b>는 전 거래일보다 1.04% 상승한 4036.3로 장을 마쳤다. <b>코스피</b>가 종가 기준 4천선을 회복한 것은 지난달 20일(4004.85) 이후 9거래일 만이다. <b>코스피</b>는... ,"Wed, 03 Dec 2025 15:55:00 +0900",success
2025-12-04 08:00:02,경제,"트럼프, 해싯 백악관 <b>경제</b>위원장 소개하며 &quot;잠재적 연준 의장&quot;",https://n.news.naver.com/mnews/article/001/0015775019?sid=104,백악관 내각 회의서 &quot;내년 초 새 연준 의장 발표&quot; 박성민 특파원 = 도널드 트럼프 미국 대통령이 2일(현지시간) 케빈 해싯 백악관 국가<b>경제</b>위원회(NEC) 위원장을 미 중앙은행인 연방준비제도(Fed·연준)의 유력 차기 의장... ,"Wed, 03 Dec 2025 06:10:00 +0900",success
2025-12-04 08:00:02,경제,3분기 韓 <b>경제</b> 1.3% 성장…민간소비 3년 만에 최대(2보),https://n.news.naver.com/mnews/article/003/0013635520?sid=101,한국은행이 3일 발표한 '2025년 3분기 및 연간 국민소득(잠정)'에 따르면 우리나라의 올해 3분기 실질 GDP 잠정치는 전기대비 1.3% 증가했다. 지난해 1분기(1.2%) 이후 첫 1%대 성장률로 2021년 4분기(1.6%) 이후 최대치다.... ,"Wed, 03 Dec 2025 08:02:00 +0900",success
2025-12-04 08:00:02,경제,李대통령 &quot;빠른 韓 <b>경제</b> 회복세에 물가 상승…대책 마련 중&quot;,https://n.news.naver.com/mnews/article/015/0005219503?sid=102,이재명 대통령은 3일 최근 물가 상승의 배경에는 한국 <b>경제</b>가 급속도로 회복하는 영향도 있다며 관련 대책을... 이 대통령은 “물가와 <b>경제</b>성장의 관계를 고려해볼 필요가 있다”며 “<b>경제</b>가 매우 빠른 회복세를 보이는... ,"Wed, 03 Dec 2025 12:46:00 +0900",success
2025-12-04 08:00:02,경제,3분기 <b>경제</b> 1.3% 성장…한은 “올 1.1%도 가능”,https://n.news.naver.com/mnews/article/032/0003412981?sid=101,민간소비 등 내수가 성장을 뒷받침하면서 올해 3분기 한국 <b>경제</b>가 1.3% 성장해 3년9개월여 만에 최대 성장률을 기록했다. 4분기 한국 <b>경제</b>가 크게 후퇴하지 않는다면 올해 연간 성장률은 1%를 웃돌 것으로 전망된다.... ,"Wed, 03 Dec 2025 21:17:00 +0900",success
2025-12-04 08:00:02,경제,李대통령 &quot;물가 상승은 급격한 <b>경제</b>회복 때문&quot;,https://n.news.naver.com/mnews/article/215/0001233237?sid=101,이재명 대통령은 3일 최근 물가 상승과 관련해 한국 <b>경제</b>의 빠른 회복세가 주요 배경 중 하나라고 설명하며... 이 대통령은 &quot;물가와 <b>경제</b>성장의 관계를 생각해볼 필요가 있다&quot;며 &quot;<b>경제</b>가 아주 급격한 회복세를 보이고 있기에... ,"Wed, 03 Dec 2025 14:04:00 +0900",success
2025-12-04 08:00:02,부동산,"오세훈, 세운4구역 개발 '일타강사'로 나서…&quot;결단 내릴 시점&quot;[<b>부동산</b>At...",https://n.news.naver.com/mnews/article/277/0005688567?sid=101,종묘 앞 세운4구역 재개발 논란과 관련해 오세훈 서울시장이 개발 추진 과정 및 계획 등을 설명했다. 오 시장은 3일 서울시장 홈페이지에 공개된 '일타시장 오세훈 - 종묘와 세운4구역 이슈 총정리' 영상을 통해... ,"Wed, 03 Dec 2025 18:24:00 +0900",success
2025-12-04 08:00:02,부동산,&quot;청년층에 <b>부동산</b> 중개수수료 지원해야&quot;…김해시의회 5분 발언,https://n.news.naver.com/mnews/article/001/0015776404?sid=102,경남 김해지역 청년 주거 안정을 위해 <b>부동산</b> 중개수수료를 지원해야 한다는 주장이 제기됐다. 김해시의회... 시가 <b>부동산</b> 중개수수료를 지원해야 한다&quot;고 주장했다. 김 의원은 &quot;전월세 임대차 <b>부동산</b> 중개수수료는 거래... ,"Wed, 03 Dec 2025 14:13:00 +0900",success
2025-12-04 08:00:02,부동산,1년 만에 7000개 상업용 <b>부동산</b> DB 구축…시장서 10만건 이상 활용,https://n.news.naver.com/mnews/article/015/0005218881?sid=101,&quot;과거엔 상업용 <b>부동산</b> 데이터 수집의 어려움으로 학계의 연구가 '근사치 추정'에 머물렀지만 알스퀘어의... &quot;(신승우 건국대학교 <b>부동산</b> 대학원 교수) &quot;증권사의 리서치팀은 빠르고 정확한 분석이 중요하다. 과거엔... ,"Tue, 02 Dec 2025 13:01:00 +0900",success
2025-12-04 08:00:02,부동산,‘10억 로또’ 청량리역 ‘줍줍’에 12만명 몰렸다[<b>부동산</b>360],https://n.news.naver.com/mnews/article/016/0002566561?sid=101,"3일 한국<b>부동산</b>원 청약홈 자료에 따르면, ‘청량리역 롯데캐슬 SKY-L65’ 잔여 3가구 모집에 12만5934명이 신청했다. 실거주 의무가 없고 약 10억원의 시세차익이 기대되는 매물이라는 점이 역대급 ‘줍줍 경쟁’을... ","Wed, 03 Dec 2025 11:05:00 +0900",success
2025-12-04 08:00:02,부동산,"<b>부동산</b> 신탁사들, 3분기 589억 순손실…건전성 악화",https://n.news.naver.com/mnews/article/003/0013637457?sid=101,"14개 <b>부동산</b>신탁사들이 지난 3분기 589억원의 순손실을 기록했다. 책임준공확약형 개발신탁 사업장과... 3일 금융투자협회와 한국신용평가에 따르면 <b>부동산</b>신탁사들의 3분기 영업수익은 4172억원, 영업비용은... ","Wed, 03 Dec 2025 16:49:00 +0900",success
2025-12-04 08:00:02,반도체,<b>반도체</b> 공장 건설 붐 타고…올해 1.1% 성장 보인다,https://n.news.naver.com/mnews/article/015/0005219712?sid=101,"고대역폭메모리(HBM) 등 <b>반도체</b> 수요가 급증하면서 삼성전자와 SK하이닉스가 평택, 청주, 용인 등지에서... 있었지만 <b>반도체</b> 생산공장을 중심으로 비주거용 건물 건설투자가 양호한 모습을 보였다”고 설명했다.... ","Wed, 03 Dec 2025 17:35:00 +0900",success
2025-12-04 08:00:02,반도체,"한화시스템, 韓 독자기술 ‘우주<b>반도체</b>’ 첫 개발 착수",https://n.news.naver.com/mnews/article/023/0003944653?sid=101,한화시스템이 순수 국내 기술로 위성용 우주<b>반도체</b> 개발에 나섰다. 우주 환경에서도 안정적으로 작동하도록 설계된 우주<b>반도체</b>가 순수 우리 기술로 개발되는 것은 이번이 처음이다. 한화시스템은 3일... ,"Wed, 03 Dec 2025 11:01:00 +0900",success
2025-12-04 08:00:02,반도체,"한화시스템, '위성용 우주<b>반도체</b>' 개발 착수",https://n.news.naver.com/mnews/article/030/0003376548?sid=101,한화시스템이 대한민국 국방우주 기술 자립을 위한 첫걸음인 '위성용 우주<b>반도체</b>' 개발에 착수했다. 우주<b>반도체</b>가 순수 우리 기술로 개발되는 것은 이번이 처음이다. 한화시스템은 국방기술진흥연구소와 '(초)소형 위성용... ,"Wed, 03 Dec 2025 09:40:00 +0900",success
2025-12-04 08:00:02,반도체,"서강대, 이천시와 <b>반도체</b> 인재 양성 나선다",https://n.news.naver.com/mnews/article/003/0013637556?sid=102,전수현 인턴 기자 = 서강대는 이날(3일) 판교디지털 혁신캠퍼스에서 이천시와 <b>반도체</b> 분야 맞춤형 인재 양성 및 지역산업 경쟁력 강화를 위한 업무협약(MOU)을 체결했다. 이번 협약은 <b>반도체</b> 특성화 학과와 산업 연계 교육... ,"Wed, 03 Dec 2025 17:14:00 +0900",success
2025-12-04 08:00:02,반도체,3분기 GDP 15분기 만에 최대 성장‥<b>반도체</b> 견인,https://n.news.naver.com/mnews/article/214/0001465720?sid=101,"부문별로는 <b>반도체</b> 제조용 기계 중심의 설비투자가 2.6%, <b>반도체</b>·자동차 중심의 수출이 2.1% 늘었습니다. 민간 소비는 1.3% 늘었고, 건설투자도 토목건설 위주로 0.6% 증가해 6분기 만에 역성장에서 벗어났습니다.... ","Wed, 03 Dec 2025 17:05:00 +0900",success
2025-12-04 08:00:02,코스피,"<b>코스피</b>, 9거래일 만에 4,000선 회복…코스닥 2년4개월만 최고",https://n.news.naver.com/mnews/article/057/0001922684?sid=101,"<b>코스피</b>가 오늘(3일) 간밤 뉴욕증시 강세에 힘입어 1% 넘게 상승하며 9거래일 만에 4,000선을 회복하며 장을 마쳤습니다. 코스닥지수도 6거래일 연속 오르며 2년 4개월 만에 최고치를 기록했습니다. 오늘 <b>코스피</b>는... ","Wed, 03 Dec 2025 16:42:00 +0900",success
2025-12-04 08:00:02,코스피,"<b>코스피</b>, 9거래일만 ‘사천피’ 회복…코스닥은 6거래일 연속 상승 [투자...",https://n.news.naver.com/mnews/article/016/0002566807?sid=101,<b>코스피</b>‘쌍끌이 매수’…반도체·자동차 강세 코스닥 6거래일 연속 상승…2년 4개월 만 최고치 원·달러 환율 1468원 마감…연준 금리인하 기대 여전 3일 오후 서울 중구 하나은행 본점 딜링룸 현황판에 <b>코스피</b>... ,"Wed, 03 Dec 2025 16:38:00 +0900",success
2025-12-04 08:00:02,코스피,"<b>코스피</b>, 9거래일 만에 4,000선 탈환…코스닥 2년4개월만 최고(종합)",https://n.news.naver.com/mnews/article/001/0015776917?sid=101,"상승 <b>코스피</b>가 3일 간밤 뉴욕증시 강세에 1% 넘게 상승해 9거래일 만에 4,000대에서 장을 마쳤다. 코스닥지수도 6거래일 연속 올라 2년 4개월 만에 최고치를 기록했다. 이날 <b>코스피</b>는 전장보다 41.37포인트(1.04%) 오른... ","Wed, 03 Dec 2025 16:18:00 +0900",success
2025-12-04 08:00:02,코스피,올해 <b>코스피</b> 상승 1등 공신 '금융투자'…ETF 매수한 동학개미였다,https://n.news.naver.com/mnews/article/079/0004092564?sid=101,개인의 상장지수펀드(ETF) 투자가 외국인과 함께 <b>코스피</b> 상승을 위한 핵심 수급으로 떠오르고 있다. 개인의 ETF 투자를 반영한 '금융투자'는 24조원 넘는 순매수로 <b>코스피</b> 상승을 주도하는 분위기다. 4일... ,"Thu, 04 Dec 2025 05:01:00 +0900",success
2025-12-04 08:00:02,코스피,"<b>코스피</b>, 9거래일 만에 4000선 복귀…코스닥 엿새째 상승",https://n.news.naver.com/mnews/article/654/0000154742?sid=101,<b>코스피</b>가 9 거래일 만에 종가 기준 4000선을 탈환했다. 코스닥은 엿새째 상승 마감했다. 3일 <b>코스피</b>는 전장보다 41.37포인트(1.04%) 오른 4036.30에 장을 마쳤다. 이날 <b>코스피</b> 지수는 전장보다 15.33포인트(0.38... ,"Wed, 03 Dec 2025 15:55:00 +0900",success
2025-12-04 16:00:03,경제,방미통위원장 후보자 &quot;조직 안정화에 최우선…국민<b>경제</b> 기여&quot;,https://n.news.naver.com/mnews/article/001/0015778087?sid=100,&quot;임명되면 방송3법 후속 조치할 것&quot; 나확진 한상용 기자 = 김종철 방송미디어통신위원회 초대 위원장 후보자는 4일 &quot;조직 안정화에 최우선을 두겠다&quot;고 밝혔다. 김 후보자는 이날 오전 정부과천청사 인근에 마련한... ,"Thu, 04 Dec 2025 10:22:00 +0900",success
2025-12-04 16:00:03,경제,"푸틴, 4~5일 인도 국빈방문…&quot;<b>경제</b>협력 등 논의&quot;",https://n.news.naver.com/mnews/article/003/0013638062?sid=104,"우샤코프 보좌관은 &quot;양국은 2030년까지 전략적 <b>경제</b> 협력 프로그램에 서명할 계획&quot;이라고 밝혔다. 푸틴 대통령은 모디 총리와 뉴델리 회담 후 공동 기자회견을 할 예정이지만, 러시아 기자단과의 별도 질의응답은... ","Thu, 04 Dec 2025 05:15:00 +0900",success
2025-12-04 16:00:03,경제,김재홍 한국수소연합 회장 &quot;글로벌 수소 <b>경제</b> 수요 창출 불확실성 커&quot;,https://n.news.naver.com/mnews/article/417/0001117330?sid=101,김재홍 한국수소연합 회장이 4일 경기도 일산 킨텍스'세계 수소 엑스포 2025' 개회사에서 &quot;글로벌 수소 <b>경제</b>는... 수소 엑스포가 글로벌 수소 <b>경제</b>를 선도하는 글로벌 수소 협력 플랫폼으로 발전하길 바란다&quot;고 목소리 높였다.,"Thu, 04 Dec 2025 13:26:00 +0900",success
2025-12-04 16:00:03,경제,산업·<b>경제</b>계 &quot;대미 차 관세 15% 소급 인하로 불확실성 해소&quot;,https://n.news.naver.com/mnews/article/055/0001313311?sid=101,"▲ 지난 1일 경기 평택항에 수출용 자동차가 세워져 있는 모습 산업계와 <b>경제</b>계는 오늘(4일) 미국 정부가... 국내 <b>경제</b> 활성화에 기여하겠다는 뜻도 밝혔습니다. 현대차그룹은 &quot;대규모 국내 투자, 협력사와의 미래 모빌리티... ","Thu, 04 Dec 2025 10:26:00 +0900",success
2025-12-04 16:00:03,경제,글로벌 IB &quot;내년 한국 2.0% 성장…고환율에 물가도 오를 것&quot;,https://n.news.naver.com/mnews/article/015/0005220061?sid=101,4일 국제금융센터가 주요 IB 8곳의 <b>경제</b>전망을 집계한 결과 내년 한국의 <b>경제</b>성장률 전망치 평균은 2.0%로 제시됐다. 한 달 전 1.9%에서 0.1%포인트 상향됐다. 지난 5월 1.6%까지 낮아졌던 내년 성장률 전망은 6월 1.7... ,"Thu, 04 Dec 2025 10:41:00 +0900",success
2025-12-04 16:00:03,부동산,"금감원, 해외<b>부동산</b> 펀드 집중심사제 가동…&quot;투자자 눈높이 맞춰야&quot;",https://n.news.naver.com/mnews/article/003/0013638478?sid=101,해외<b>부동산</b> 펀드 전액 손실 사태를 계기로 금융당국이 집중심사제를 도입한다. 해외<b>부동산</b> 펀드의 설계와 제조 단계부터 투자자 눈높이가 충분히 고려됐는지를 집중적으로 살핀다는 계획이다. 금감원은 4일 해외<b>부동산</b>... ,"Thu, 04 Dec 2025 10:00:00 +0900",success
2025-12-04 16:00:03,부동산,<b>부동산</b> 폭등·내수 위축에…순자산 지니계수 역대 최악,https://n.news.naver.com/mnews/article/079/0004092727?sid=101,"지난해 빈부격차 지표 모두 악화…내수 위축에 가난한 사람들 소득 줄고, <b>부동산</b> 폭등에 부자 자산 늘고... 가구주는 여유자금 운용 방법으로 '저축과 금융자산 투자'에 56.3%, '<b>부동산</b> 구입'은 20.4%, '부채 상환'은 19.6... ","Thu, 04 Dec 2025 12:01:00 +0900",success
2025-12-04 16:00:03,부동산,서울 아파트 매매가격 상승세 2주째 둔화…횡보 양상,https://n.news.naver.com/mnews/article/001/0015778820?sid=101,경기권은 과천·광명 등 일부 상승폭 키워…화성·구리 풍선효과 감소 10·15 <b>부동산</b> 대책 시행 이후 시장 관망세가 지속되는 가운데 서울 아파트 평균 매매가격 상승세가 2주 연속 둔화했다. 4일 한국<b>부동산</b>원이... ,"Thu, 04 Dec 2025 14:00:00 +0900",success
2025-12-04 16:00:03,부동산,[단독] 재경부 <b>부동산</b>정책 키잡나...<b>부동산</b>전담과 신설 급부상,https://n.news.naver.com/mnews/article/374/0000478743?sid=101,"우리나라 <b>부동산</b> 문제는 역대 모든 정부의 숙제이자 어떤 정부에서도 속 시원하게 해결하지 못한 문제입니다. 이번 정부에서도 초반 혼란이 거센데, 정부가 <b>부동산</b> 담당 조직을 더 키우는 방안을 검토하는 것으로... ","Thu, 04 Dec 2025 11:53:00 +0900",success
2025-12-04 16:00:03,부동산,"&quot;술 안 마신다고 폭언&quot;…박나래 전 매니저들, 1억 <b>부동산</b> 가압류",https://n.news.naver.com/mnews/article/015/0005220223?sid=102,규모의 <b>부동산</b> 가압류 신청을 당했다. 4일 박나래 측은 한경닷컴에 &quot;법률대리인을 통해 입장을 밝힐 것&quot;이라고 전했다. 앞서 디스패치는 박나래의 전 매니저들이 지난 3일 서울서부지법에 박나래 소유 <b>부동산</b>에 대한... ,"Thu, 04 Dec 2025 15:21:00 +0900",success
2025-12-04 16:00:03,반도체,"‘주 52시간 예외적용’ 뺀 <b>반도체</b>특별법, 국회 산자위 통과",https://n.news.naver.com/mnews/article/056/0012079434?sid=100,<b>반도체</b>업계도 주 52시간 근로제를 적용받도록 하는 '<b>반도체</b>특별법'이 국회 산업통상자원위원회에서 여야 합의로 가결됐습니다. 해당 법안은 오늘(4일) 국회 산자위 소위와 전체회의를 연이어 통과했습니다. 법안은... ,"Thu, 04 Dec 2025 14:55:00 +0900",success
2025-12-04 16:00:03,반도체,"이 대통령, 내일 손정의 회장과 회동…AI·<b>반도체</b> 협력 방안 논의",https://n.news.naver.com/mnews/article/003/0013638991?sid=100,"이재명 대통령이 5일 손정의 소프트뱅크그룹 회장과 만나 인공지능(AI) 및 <b>반도체</b> 분야 협력 방안을 논의한다. 이 대통령은 이날 오전 용산 대통령실에서 손 회장을 접견하고 AI 및 <b>반도체</b> 분야 협력, 인프라 투자 등에... ","Thu, 04 Dec 2025 11:38:00 +0900",success
2025-12-04 16:00:03,반도체,'주 52시간 예외'는 제외…<b>반도체</b>특별법 산자위 통과,https://n.news.naver.com/mnews/article/030/0003377396?sid=100,여야가 우여곡절 끝에 주 52시간 노동 예외 조항을 제외한 '<b>반도체</b>산업 경쟁력 강화 및 지원에 관한 특별법안(<b>반도체</b>특별법)'을 합의로 처리했다. 여야가 공방 끝에 <b>반도체</b>특별법에 합의함에 따라 한미 관세 협상 이후... ,"Thu, 04 Dec 2025 15:24:00 +0900",success
2025-12-04 16:00:03,반도체,"李대통령, 손정의 회장 만난다…AI·<b>반도체</b> 협력 논의",https://n.news.naver.com/mnews/article/018/0006177579?sid=100,"인공지능(AI) 및 <b>반도체</b> 분야 협력, 인프라 투자 등에 관해 논의할 예정이다. 대통령실 대변인실은 4일 공지를 통해 “이재명 대통령은 내일(5일) 손정의 소프트뱅크 회장 일행을 만나 AI 및 <b>반도체</b> 분야 협력, 인프라 등에... ","Thu, 04 Dec 2025 11:48:00 +0900",success
2025-12-04 16:00:03,반도체,"이재명 대통령, 5일 손정의 만난다…AI·<b>반도체</b> 등 협력 논의",https://n.news.naver.com/mnews/article/009/0005600872?sid=100,"대통령실은 4일 이 대통령이 손 회장과 인공지능(AI) 및 <b>반도체</b> 분야 협력, 인프라 투자 등에 관해 논의할 예정이라고 공지했다. 이 자리에는 강훈식 비서실장, 김용범 정책실장, 배경훈 부총리 겸 과학기술정보통신부... ","Thu, 04 Dec 2025 13:46:00 +0900",success
2025-12-04 16:00:03,코스피,"JP모건 이어 맥쿼리도…&quot;<b>코스피</b> 내년 6,000 간다&quot;",https://n.news.naver.com/mnews/article/215/0001233374?sid=101,"내년 <b>코스피</b> 지수가 6,000선까지 오를 수 있다는 낙관적 전망이 잇따르고 있다. 4일 금융투자업계에 따르면 맥쿼리증권은 지난 2일 발간한 '<b>코스피</b> 다시 포효: 6,000으로 가는 길' 보고서에서 &quot;강한 이익 성장, 풍부한... ","Thu, 04 Dec 2025 11:44:00 +0900",success
2025-12-04 16:00:03,코스피,맥쿼리 “내년 <b>코스피</b> 6000 간다” OO기업이 주도,https://n.news.naver.com/mnews/article/021/0002754771?sid=101,"연합뉴스 글로벌 투자은행(IB) 맥쿼리가 내년 <b>코스피</b>가 6000선에 도달할 수 있다고 전망했다. 특히 맥쿼리는... 4일 금융투자업계에 따르면 맥쿼리는 지난 2일 발간한 보고서에서 “<b>코스피</b>가 강력한 수익 성장, 풍부한... ","Thu, 04 Dec 2025 10:47:00 +0900",success
2025-12-04 16:00:03,코스피,“반도체주 더 사야하나?” 맥쿼리 내년 <b>코스피</b> 6000 전망,https://n.news.naver.com/mnews/article/050/0000099228?sid=101,"글로벌 투자은행(IB) 맥쿼리는 내년 <b>코스피</b>가 6000선에 도달할 가능성이 있다고 전망했다. 보고서는... 4일 금융투자업계에 따르면 맥쿼리는 지난 2일 발간한 보고서에서 “<b>코스피</b>가 강력한 수익 성장, 풍부한 유동성... ","Thu, 04 Dec 2025 15:15:00 +0900",success
2025-12-04 16:00:03,코스피,"<b>코스피</b>, 9거래일 만에 4,000선 회복…코스닥 2년4개월만 최고",https://n.news.naver.com/mnews/article/057/0001922684?sid=101,"<b>코스피</b>가 오늘(3일) 간밤 뉴욕증시 강세에 힘입어 1% 넘게 상승하며 9거래일 만에 4,000선을 회복하며 장을 마쳤습니다. 코스닥지수도 6거래일 연속 오르며 2년 4개월 만에 최고치를 기록했습니다. 오늘 <b>코스피</b>는... ","Wed, 03 Dec 2025 16:42:00 +0900",success
2025-12-04 16:00:03,코스피,"<b>코스피</b>, 하락 출발해 4,010대…코스닥은 상승",https://n.news.naver.com/mnews/article/001/0015777803?sid=101,"<b>코스피</b>가 4일 하락 출발해 4,010대를 나타내고 있다. 이날 오전 9시 1분 현재 <b>코스피</b>는 전장보다 18.41포인트(0.46%) 내린 4,017.89다. 지수는 전장보다 17.39포인트(0.43%) 하락한 4,018.91로 출발했다. 반면... ","Thu, 04 Dec 2025 09:04:00 +0900",success
2025-12-04 20:00:02,경제,방미통위원장 후보자 &quot;조직 안정화에 최우선…국민<b>경제</b> 기여&quot;,https://n.news.naver.com/mnews/article/001/0015778087?sid=100,&quot;임명되면 방송3법 후속 조치할 것&quot; 나확진 한상용 기자 = 김종철 방송미디어통신위원회 초대 위원장 후보자는 4일 &quot;조직 안정화에 최우선을 두겠다&quot;고 밝혔다. 김 후보자는 이날 오전 정부과천청사 인근에 마련한... ,"Thu, 04 Dec 2025 10:22:00 +0900",success
2025-12-04 20:00:02,경제,[단독] &quot;독일 닮아가는 韓<b>경제</b>…구조개혁 없인 저성장&quot;,https://n.news.naver.com/mnews/article/011/0004563663?sid=101,지난해 <b>경제</b>가 역(逆)성장하면서 ‘유럽의 병자’라는 오명을 쓴 독일에서 “한국 <b>경제</b>가 독일과 닮아가고 있어 구조 개혁이 필요하다”는 경고의 목소리가 나왔다. 국가 <b>경제</b>에서 제조업이 차지하는 비중이 큰 데 비해... ,"Thu, 04 Dec 2025 17:47:00 +0900",success
2025-12-04 20:00:02,경제,"푸틴, 4~5일 인도 국빈방문…&quot;<b>경제</b>협력 등 논의&quot;",https://n.news.naver.com/mnews/article/003/0013638062?sid=104,"우샤코프 보좌관은 &quot;양국은 2030년까지 전략적 <b>경제</b> 협력 프로그램에 서명할 계획&quot;이라고 밝혔다. 푸틴 대통령은 모디 총리와 뉴델리 회담 후 공동 기자회견을 할 예정이지만, 러시아 기자단과의 별도 질의응답은... ","Thu, 04 Dec 2025 05:15:00 +0900",success
2025-12-04 20:00:02,경제,김재홍 한국수소연합 회장 &quot;글로벌 수소 <b>경제</b> 수요 창출 불확실성 커&quot;,https://n.news.naver.com/mnews/article/417/0001117330?sid=101,김재홍 한국수소연합 회장이 4일 경기도 일산 킨텍스'세계 수소 엑스포 2025' 개회사에서 &quot;글로벌 수소 <b>경제</b>는... 수소 엑스포가 글로벌 수소 <b>경제</b>를 선도하는 글로벌 수소 협력 플랫폼으로 발전하길 바란다&quot;고 목소리 높였다.,"Thu, 04 Dec 2025 13:26:00 +0900",success
2025-12-04 20:00:02,경제,시진핑 “보호주의 반대”…마크롱 “<b>경제</b> 재균형 필요”,https://n.news.naver.com/mnews/article/005/0001818535?sid=104,하고 <b>경제</b>협력 강화와 가자지구 재건·우크라이나 평화 문제 등을 논의했다. 중국 관영 신화통신과... 보편·포용적인 <b>경제</b> 세계화에 기여해야 한다”고 강조했다. 시 주석은 “항공·우주·원자력 등 전통 분야 협력을... ,"Thu, 04 Dec 2025 18:22:00 +0900",success
2025-12-04 20:00:02,부동산,"금감원, 해외<b>부동산</b> 펀드 집중심사제 가동…&quot;투자자 눈높이 맞춰야&quot;",https://n.news.naver.com/mnews/article/003/0013638478?sid=101,해외<b>부동산</b> 펀드 전액 손실 사태를 계기로 금융당국이 집중심사제를 도입한다. 해외<b>부동산</b> 펀드의 설계와 제조 단계부터 투자자 눈높이가 충분히 고려됐는지를 집중적으로 살핀다는 계획이다. 금감원은 4일 해외<b>부동산</b>... ,"Thu, 04 Dec 2025 10:00:00 +0900",success
2025-12-04 20:00:02,부동산,"李정부 <b>부동산</b>대책 평가, 무주택자 '부정'·1주택자 '긍정' 우세[리얼미...",https://n.news.naver.com/mnews/article/001/0015779659?sid=100,"정부의 <b>부동산</b> 대책에 대한 평가가 갈리는 것으로 나타났다. 1주택자 중에서는 긍정 평가가, 무주택자... 리얼미터가 전국 만 18세 이상 1천5명을 상대로 지난 2∼3일 현 정부의 <b>부동산</b> 정책에 대한 평가를 조사해 4일... ","Thu, 04 Dec 2025 17:48:00 +0900",success
2025-12-04 20:00:02,부동산,<b>부동산</b> 폭등·내수 위축에…순자산 지니계수 역대 최악,https://n.news.naver.com/mnews/article/079/0004092727?sid=101,"지난해 빈부격차 지표 모두 악화…내수 위축에 가난한 사람들 소득 줄고, <b>부동산</b> 폭등에 부자 자산 늘고... 가구주는 여유자금 운용 방법으로 '저축과 금융자산 투자'에 56.3%, '<b>부동산</b> 구입'은 20.4%, '부채 상환'은 19.6... ","Thu, 04 Dec 2025 12:01:00 +0900",success
2025-12-04 20:00:02,부동산,"[속보]李 정부 <b>부동산</b> 정책, 긍정 47.7%vs부정 44% 팽팽-리얼미터",https://n.news.naver.com/mnews/article/021/0002754923?sid=100,"뉴시스 서울 전역과 수도권 핵심 지역을 토지거래허가구역으로 묶은 정부의 10·15 <b>부동산</b> 대책 발표 이후 규제지역 아파트 거래량이 급감하고 있는 가운데, 이재명 정부의 <b>부동산</b> 정책에 대한 긍정적 평가와 부정적... ","Thu, 04 Dec 2025 17:07:00 +0900",success
2025-12-04 20:00:02,부동산,"김동연, 과징금 체납 '1위' 최은순에 “최후 통첩…안 내면 <b>부동산</b> 공매...",https://n.news.naver.com/mnews/article/437/0000467351?sid=102,않으면 <b>부동산</b> 공매절차에 반드시 들어가겠다&quot;고 밝혔습니다. 김 지사는 오늘(4일) 경기 양평 일반산업단지... 김 지사는 &quot;김건희 모친인 최은순이 지방세 체납 1등&quot;이라며 &quot;차명 계좌로 취득한 <b>부동산</b>에 대한... ,"Thu, 04 Dec 2025 17:46:00 +0900",success
2025-12-04 20:00:02,반도체,"‘주 52시간 예외적용’ 뺀 <b>반도체</b>특별법, 국회 산자위 통과",https://n.news.naver.com/mnews/article/056/0012079434?sid=100,<b>반도체</b>업계도 주 52시간 근로제를 적용받도록 하는 '<b>반도체</b>특별법'이 국회 산업통상자원위원회에서 여야 합의로 가결됐습니다. 해당 법안은 오늘(4일) 국회 산자위 소위와 전체회의를 연이어 통과했습니다. 법안은... ,"Thu, 04 Dec 2025 14:55:00 +0900",success
2025-12-04 20:00:02,반도체,‘주52시간 예외적용’ 빠진 <b>반도체</b>특별법 처리…국힘 일부 반발,https://n.news.naver.com/mnews/article/009/0005600989?sid=100,"대통령 산하 ‘<b>반도체</b>특위’ 설치 ‘<b>반도체</b>클러스터’ 지정해 지원 근로시간 문제, 상임위서 계속 논의키로 국회 산업통상자원중소벤처기업위원회는 4일 전체회의를 열고 ‘<b>반도체</b>산업 경쟁력 강화 및 지원에 관한... ","Thu, 04 Dec 2025 15:53:00 +0900",success
2025-12-04 20:00:02,반도체,"이 대통령, 내일 손정의 회장과 회동…AI·<b>반도체</b> 협력 방안 논의",https://n.news.naver.com/mnews/article/003/0013638991?sid=100,"이재명 대통령이 5일 손정의 소프트뱅크그룹 회장과 만나 인공지능(AI) 및 <b>반도체</b> 분야 협력 방안을 논의한다. 이 대통령은 이날 오전 용산 대통령실에서 손 회장을 접견하고 AI 및 <b>반도체</b> 분야 협력, 인프라 투자 등에... ","Thu, 04 Dec 2025 11:38:00 +0900",success
2025-12-04 20:00:02,반도체,"SK그룹, 신상필벌·강소화 인사…<b>반도체</b>·AI 힘 실어",https://n.news.naver.com/mnews/article/092/0002401139?sid=105,AI와 <b>반도체</b> 중심 전략 솔루션을 제시할 ‘매크로 리서치센터’도 설립한다. SK하이닉스 이천 본사 정문.... '<b>반도체</b> DNA' 타 계열사에 이식…체질개선 박차 이번 인사에서도 '1등 DNA'를 계열사에 이식하는 흐름이... ,"Thu, 04 Dec 2025 17:32:00 +0900",success
2025-12-04 20:00:02,반도체,"'주 52시간 예외' 뺀 <b>반도체</b>특별법, 국회 산자위 통과",https://n.news.naver.com/mnews/article/031/0000986590?sid=100,국회 산업통상자원중소벤처기업위원회가 4일 '<b>반도체</b>산업 경쟁력 강화 및 지원에 관한 특별법안(<b>반도체</b>특별법)'을 처리했다. 최대 쟁점이던 '주 52시간 근로시간 예외 적용'은 여야 합의가 끝내 무산되며 합의안에서... ,"Thu, 04 Dec 2025 16:24:00 +0900",success
2025-12-04 20:00:02,코스피,맥쿼리 “2026년 <b>코스피</b> 6000…삼성전자와 SK하이닉스가 견인”,https://n.news.naver.com/mnews/article/022/0004087669?sid=101,"글로벌 투자은행(IB) 맥쿼리가 내년 <b>코스피</b>가 6000포인트까지 오를 수 있다고 전망했다. ‘6000피’ 견인의... 맥쿼리는 지난 2일 발간한 보고서에서 “<b>코스피</b>가 강력한 수익 성장, 풍부한 유동성, 주식에 우호적인 정부... ","Thu, 04 Dec 2025 15:47:00 +0900",success
2025-12-04 20:00:02,코스피,맥쿼리 “내년 <b>코스피</b> 6000 간다” OO기업이 주도,https://n.news.naver.com/mnews/article/021/0002754771?sid=101,"연합뉴스 글로벌 투자은행(IB) 맥쿼리가 내년 <b>코스피</b>가 6000선에 도달할 수 있다고 전망했다. 특히 맥쿼리는... 4일 금융투자업계에 따르면 맥쿼리는 지난 2일 발간한 보고서에서 “<b>코스피</b>가 강력한 수익 성장, 풍부한... ","Thu, 04 Dec 2025 10:47:00 +0900",success
2025-12-04 20:00:02,코스피,"JP모건 이어 맥쿼리도…&quot;<b>코스피</b> 내년 6,000 간다&quot;",https://n.news.naver.com/mnews/article/215/0001233374?sid=101,"내년 <b>코스피</b> 지수가 6,000선까지 오를 수 있다는 낙관적 전망이 잇따르고 있다. 4일 금융투자업계에 따르면 맥쿼리증권은 지난 2일 발간한 '<b>코스피</b> 다시 포효: 6,000으로 가는 길' 보고서에서 &quot;강한 이익 성장, 풍부한... ","Thu, 04 Dec 2025 11:44:00 +0900",success
2025-12-04 20:00:02,코스피,“반도체주 더 사야하나?” 맥쿼리 내년 <b>코스피</b> 6000 전망,https://n.news.naver.com/mnews/article/050/0000099228?sid=101,"글로벌 투자은행(IB) 맥쿼리는 내년 <b>코스피</b>가 6000선에 도달할 가능성이 있다고 전망했다. 보고서는... 4일 금융투자업계에 따르면 맥쿼리는 지난 2일 발간한 보고서에서 “<b>코스피</b>가 강력한 수익 성장, 풍부한 유동성... ","Thu, 04 Dec 2025 15:15:00 +0900",success
2025-12-04 20:00:02,코스피,"<b>코스피</b>, 외국인 '팔자'에 4,020대 하락 마감…코스닥 7일만 반락(종합)",https://n.news.naver.com/mnews/article/001/0015779406?sid=101,"올라 <b>코스피</b>가 4일 반도체주를 중심으로 외국인의 매물이 출회되면서 내려 4,020대에서 장을 마쳤다. 이날 <b>코스피</b>는 전장보다 7.79포인트(0.19%) 내린 4,028.51에 장을 마치며 3거래일 만에 하락 마감했다. 지수는... ","Thu, 04 Dec 2025 16:09:00 +0900",success
2025-12-05 08:00:10,경제,방미통위원장 후보자 &quot;조직 안정화에 최우선…국민<b>경제</b> 기여&quot;,https://n.news.naver.com/mnews/article/001/0015778087?sid=100,&quot;임명되면 방송3법 후속 조치할 것&quot; 나확진 한상용 기자 = 김종철 방송미디어통신위원회 초대 위원장 후보자는 4일 &quot;조직 안정화에 최우선을 두겠다&quot;고 밝혔다. 김 후보자는 이날 오전 정부과천청사 인근에 마련한... ,"Thu, 04 Dec 2025 10:22:00 +0900",success
2025-12-05 08:00:10,경제,"푸틴, 4~5일 인도 국빈방문…&quot;<b>경제</b>협력 등 논의&quot;",https://n.news.naver.com/mnews/article/003/0013638062?sid=104,"우샤코프 보좌관은 &quot;양국은 2030년까지 전략적 <b>경제</b> 협력 프로그램에 서명할 계획&quot;이라고 밝혔다. 푸틴 대통령은 모디 총리와 뉴델리 회담 후 공동 기자회견을 할 예정이지만, 러시아 기자단과의 별도 질의응답은... ","Thu, 04 Dec 2025 05:15:00 +0900",success
2025-12-05 08:00:10,경제,“기존 계획으론 <b>경제</b>성 없어”…세운지구 일타강사로 나선 오세훈,https://n.news.naver.com/mnews/article/009/0005600884?sid=101,그러면서 “세운지구 재개발에 필요한 약 1조5000억원의 비용은 결합개발방식으로 해결할 수 있다”며 “기존 계획대로 낮고 넓은 건물은 지으면 <b>경제</b>성도 없고 녹지도 없다”고 말했다. 종묘에 대한 세계문화유산 지정이... ,"Thu, 04 Dec 2025 14:02:00 +0900",success
2025-12-05 08:00:10,경제,김재홍 한국수소연합 회장 &quot;글로벌 수소 <b>경제</b> 수요 창출 불확실성 커&quot;,https://n.news.naver.com/mnews/article/417/0001117330?sid=101,김재홍 한국수소연합 회장이 4일 경기도 일산 킨텍스'세계 수소 엑스포 2025' 개회사에서 &quot;글로벌 수소 <b>경제</b>는... 수소 엑스포가 글로벌 수소 <b>경제</b>를 선도하는 글로벌 수소 협력 플랫폼으로 발전하길 바란다&quot;고 목소리 높였다.,"Thu, 04 Dec 2025 13:26:00 +0900",success
2025-12-05 08:00:10,경제,AI 시대 왜 지금 ‘우뇌<b>경제</b>’인가,https://n.news.naver.com/mnews/article/024/0000101806?sid=101,효율 만능주의 ‘좌뇌<b>경제</b>’ 이미 한계에 ‘정답 없는 시장’에선 ‘우뇌<b>경제</b>’가 살길 지금까지 한국 기업은 분업과 효율성을 중심에 둔 제조업 기반 성장 전략으로 고도 성장을 일궜다. 핵심성과지표(KPI)... ,"Thu, 04 Dec 2025 21:01:00 +0900",success
2025-12-05 08:00:11,부동산,"금감원, 해외<b>부동산</b> 펀드 집중심사제 가동…&quot;투자자 눈높이 맞춰야&quot;",https://n.news.naver.com/mnews/article/003/0013638478?sid=101,해외<b>부동산</b> 펀드 전액 손실 사태를 계기로 금융당국이 집중심사제를 도입한다. 해외<b>부동산</b> 펀드의 설계와 제조 단계부터 투자자 눈높이가 충분히 고려됐는지를 집중적으로 살핀다는 계획이다. 금감원은 4일 해외<b>부동산</b>... ,"Thu, 04 Dec 2025 10:00:00 +0900",success
2025-12-05 08:00:11,부동산,"李정부 <b>부동산</b>대책 평가, 무주택자 '부정'·1주택자 '긍정' 우세[리얼미...",https://n.news.naver.com/mnews/article/001/0015779659?sid=100,"정부의 <b>부동산</b> 대책에 대한 평가가 갈리는 것으로 나타났다. 1주택자 중에서는 긍정 평가가, 무주택자... 리얼미터가 전국 만 18세 이상 1천5명을 상대로 지난 2∼3일 현 정부의 <b>부동산</b> 정책에 대한 평가를 조사해 4일... ","Thu, 04 Dec 2025 17:48:00 +0900",success
2025-12-05 08:00:11,부동산,<b>부동산</b> 폭등·내수 위축에…순자산 지니계수 역대 최악,https://n.news.naver.com/mnews/article/079/0004092727?sid=101,"지난해 빈부격차 지표 모두 악화…내수 위축에 가난한 사람들 소득 줄고, <b>부동산</b> 폭등에 부자 자산 늘고... 가구주는 여유자금 운용 방법으로 '저축과 금융자산 투자'에 56.3%, '<b>부동산</b> 구입'은 20.4%, '부채 상환'은 19.6... ","Thu, 04 Dec 2025 12:01:00 +0900",success
2025-12-05 08:00:11,부동산,[여의춘추] <b>부동산</b> 닮아가는 환율 대책,https://n.news.naver.com/mnews/article/005/0001818605?sid=110,"실패한 <b>부동산</b> 대책과 흡사 기본 아닌 꼼수 통하지 않아 한동안 환율 상승(원화가치 하락)의 주된 이유로... 실패한 <b>부동산</b> 대책의 모습 아닌가. 본질부터 보자. 국가 경제의 기초체력인 환율은 통화량, 국가의 성장... ","Fri, 05 Dec 2025 00:33:00 +0900",success
2025-12-05 08:00:11,부동산,<b>부동산</b> 급등에 ‘자산 양극화’ 역대 최악[Pick코노미],https://n.news.naver.com/mnews/article/011/0004563767?sid=101,"지난해와 올해 <b>부동산</b> 시장의 회복세와 전셋값 상승의 영향으로 집주인이 세입자에게 돌려줘야 할 임대보증금 부채가 역대 최대 폭으로 급증했다. <b>부동산</b> 자산 가치 상승이 자산 규모 증가를 이끌었지만, 동시에... ","Fri, 05 Dec 2025 05:31:00 +0900",success
2025-12-05 08:00:11,반도체,[단독] '병자'전락 獨…&quot;韓도 <b>반도체</b> 호황때 체질개선 메스 들어야&quot; [Pic...,https://n.news.naver.com/mnews/article/011/0004563780?sid=101,전문가들은 “최근 한국 경제가 괜찮은 성적표를 내는 중심에는 <b>반도체</b> 착시 효과가 있다”며 “메모리... <b>반도체</b>·정유·철강·화학 등 에너지 집약 산업이 많은 한국 역시 에너지 가격 변동에 취약한 구조다. 특히... ,"Fri, 05 Dec 2025 06:01:00 +0900",success
2025-12-05 08:00:11,반도체,"‘주 52시간 예외적용’ 뺀 <b>반도체</b>특별법, 국회 산자위 통과",https://n.news.naver.com/mnews/article/056/0012079434?sid=100,<b>반도체</b>업계도 주 52시간 근로제를 적용받도록 하는 '<b>반도체</b>특별법'이 국회 산업통상자원위원회에서 여야 합의로 가결됐습니다. 해당 법안은 오늘(4일) 국회 산자위 소위와 전체회의를 연이어 통과했습니다. 법안은... ,"Thu, 04 Dec 2025 14:55:00 +0900",success
2025-12-05 08:00:11,반도체,"'주 52시간 예외' 뺀 <b>반도체</b>특별법, 국회 산자위 통과",https://n.news.naver.com/mnews/article/079/0004092899?sid=100,"산자위, <b>반도체</b> 특별법 처리 여야 합의로 <b>반도체</b> 특별법 통과 주 52시간 예외 조항은 추가 논의 '<b>반도체</b>산업 경쟁력 강화 및 혁신성장을 위한 특별법'(<b>반도체</b> 특별법)이 국회 산업통상자원중소벤처기업위원회를... ","Thu, 04 Dec 2025 17:19:00 +0900",success
2025-12-05 08:00:11,반도체,‘주52시간 예외적용’ 빠진 <b>반도체</b>특별법 처리…국힘 일부 반발,https://n.news.naver.com/mnews/article/009/0005600989?sid=100,"대통령 산하 ‘<b>반도체</b>특위’ 설치 ‘<b>반도체</b>클러스터’ 지정해 지원 근로시간 문제, 상임위서 계속 논의키로 국회 산업통상자원중소벤처기업위원회는 4일 전체회의를 열고 ‘<b>반도체</b>산업 경쟁력 강화 및 지원에 관한... ","Thu, 04 Dec 2025 15:53:00 +0900",success
2025-12-05 08:00:11,반도체,<b>반도체</b>특별볍 여야 합의…업계 &quot;성장기반 큰 도움&quot;,https://n.news.naver.com/mnews/article/277/0005689137?sid=101,<b>반도체</b> 업계는 '<b>반도체</b>특별법'이 진통 끝에 여야 합의로 처리된 데 대해 환영의 뜻을 밝혔다. <b>반도체</b> 산업의 혁신 생태계와 성장 기반을 조성하는 데 상당한 도움이 될 거란 기대가 나온다. 다만 연구개발(R&amp;D) 분야에서... ,"Thu, 04 Dec 2025 15:49:00 +0900",success
2025-12-05 08:00:11,코스피,맥쿼리 “2026년 <b>코스피</b> 6000…삼성전자와 SK하이닉스가 견인”,https://n.news.naver.com/mnews/article/022/0004087669?sid=101,"글로벌 투자은행(IB) 맥쿼리가 내년 <b>코스피</b>가 6000포인트까지 오를 수 있다고 전망했다. ‘6000피’ 견인의... 맥쿼리는 지난 2일 발간한 보고서에서 “<b>코스피</b>가 강력한 수익 성장, 풍부한 유동성, 주식에 우호적인 정부... ","Thu, 04 Dec 2025 15:47:00 +0900",success
2025-12-05 08:00:11,코스피,맥쿼리 “내년 <b>코스피</b> 6000 간다” OO기업이 주도,https://n.news.naver.com/mnews/article/021/0002754771?sid=101,"연합뉴스 글로벌 투자은행(IB) 맥쿼리가 내년 <b>코스피</b>가 6000선에 도달할 수 있다고 전망했다. 특히 맥쿼리는... 4일 금융투자업계에 따르면 맥쿼리는 지난 2일 발간한 보고서에서 “<b>코스피</b>가 강력한 수익 성장, 풍부한... ","Thu, 04 Dec 2025 10:47:00 +0900",success
2025-12-05 08:00:11,코스피,"JP모건 이어 맥쿼리도…&quot;<b>코스피</b> 내년 6,000 간다&quot;",https://n.news.naver.com/mnews/article/215/0001233374?sid=101,"내년 <b>코스피</b> 지수가 6,000선까지 오를 수 있다는 낙관적 전망이 잇따르고 있다. 4일 금융투자업계에 따르면 맥쿼리증권은 지난 2일 발간한 '<b>코스피</b> 다시 포효: 6,000으로 가는 길' 보고서에서 &quot;강한 이익 성장, 풍부한... ","Thu, 04 Dec 2025 11:44:00 +0900",success
2025-12-05 08:00:11,코스피,“반도체주 더 사야하나?” 맥쿼리 내년 <b>코스피</b> 6000 전망,https://n.news.naver.com/mnews/article/050/0000099228?sid=101,"글로벌 투자은행(IB) 맥쿼리는 내년 <b>코스피</b>가 6000선에 도달할 가능성이 있다고 전망했다. 보고서는... 4일 금융투자업계에 따르면 맥쿼리는 지난 2일 발간한 보고서에서 “<b>코스피</b>가 강력한 수익 성장, 풍부한 유동성... ","Thu, 04 Dec 2025 15:15:00 +0900",success
2025-12-05 08:00:11,코스피,"<b>코스피</b>, 외국인 '팔자'에 4,020대 하락 마감…코스닥 7일만 반락(종합)",https://n.news.naver.com/mnews/article/001/0015779406?sid=101,"올라 <b>코스피</b>가 4일 반도체주를 중심으로 외국인의 매물이 출회되면서 내려 4,020대에서 장을 마쳤다. 이날 <b>코스피</b>는 전장보다 7.79포인트(0.19%) 내린 4,028.51에 장을 마치며 3거래일 만에 하락 마감했다. 지수는... ","Thu, 04 Dec 2025 16:09:00 +0900",success
2025-12-05 16:00:02,경제,"‘Give &amp; Take’, 국민연금과 <b>경제</b>성장 함께 가볼까? [연금 구조개혁]⑥",https://n.news.naver.com/mnews/article/056/0012080284?sid=102,이재명 정부의 핵심 <b>경제</b>정책은 '잠재성장률 제고'이다. 지난 11월 13일 열린 수석보좌관 회의에서는... 그만큼 국가 <b>경제</b>와 공적연금은 한배를 탄 관계이다. 다만 오롯이 국민 가입자가 낸 보험료로 일군 연기금을... ,"Fri, 05 Dec 2025 14:00:00 +0900",success
2025-12-05 16:00:02,경제,불수능 만점 광주 서석고 최장우 학생 “최고 <b>경제</b>학자가 꿈”,https://n.news.naver.com/mnews/article/028/0002779984?sid=102,"인문사회계열인 최군은 현재 수시모집에서 서울대 <b>경제</b>학과를 지원해 1차 합격한 상태다. 최군은 “대한민국 최고 <b>경제</b>학자를 꿈꿔왔는데, 이번 결과로 꿈에 한 걸음 더 나아간 것 같아 기쁘다”고 소감을 밝혔다.... ","Fri, 05 Dec 2025 11:22:00 +0900",success
2025-12-05 16:00:02,경제,[단독]재정<b>경제</b>부에 '민생<b>경제</b>국' 신설…물가·복지·고용 한곳서 총괄,https://n.news.naver.com/mnews/article/421/0008644851?sid=101,기획재정부 조직 개편에 따라 내년 1월 2일 출범하는 재정<b>경제</b>부에 물가·복지·고용 등 생활<b>경제</b> 전반을 전담하는 '민생<b>경제</b>국'이 신설된다. 그동안 여러 국에 분산돼 있던 민생 관련 기능을 한곳에 모아 정책 조정력을... ,"Fri, 05 Dec 2025 10:21:00 +0900",success
2025-12-05 16:00:02,경제,방미통위원장 후보자 &quot;조직 안정화에 최우선…국민<b>경제</b> 기여&quot;,https://n.news.naver.com/mnews/article/001/0015778087?sid=100,&quot;임명되면 방송3법 후속 조치할 것&quot; 나확진 한상용 기자 = 김종철 방송미디어통신위원회 초대 위원장 후보자는 4일 &quot;조직 안정화에 최우선을 두겠다&quot;고 밝혔다. 김 후보자는 이날 오전 정부과천청사 인근에 마련한... ,"Thu, 04 Dec 2025 10:22:00 +0900",success
2025-12-05 16:00:02,경제,"스틸싸이클, 기후부장관 표창…순환<b>경제</b> 구축 노력 공로",https://n.news.naver.com/mnews/article/003/0013642136?sid=102,스틸싸이클은 지난해 순환<b>경제</b> 산업 유공 포상에서도 순환<b>경제</b> 구축 노력을 인정받아 산업통상자원부 장관상을 받았다. 스틸싸이클은 기존 매립 처리돼 2차 환경오염을 유발하는 제강분진 등 다양한 산업폐기물에서... ,"Fri, 05 Dec 2025 15:28:00 +0900",success
2025-12-05 16:00:02,부동산,"李대통령 취임 6개월 지지율 62%...&quot;외교 잘했고, <b>부동산</b> 못했다&quot; [한국...",https://n.news.naver.com/mnews/article/123/0002373292?sid=100,"외교 정책이 가장 긍정(63%) 평가를 받았고, <b>부동산</b> 정책에 대해선 긍정(24%)보다 부정(49%) 평가가 두 배... <b>부동산</b> 정책은 긍정평가(24%)보다 부정평가(49%)가 높았다. 정당지지도는 더불어민주당 43%, 국민의힘 24... ","Fri, 05 Dec 2025 11:09:00 +0900",success
2025-12-05 16:00:02,부동산,"금감원, 해외<b>부동산</b> 펀드 집중심사제 가동…&quot;투자자 눈높이 맞춰야&quot;",https://n.news.naver.com/mnews/article/003/0013638478?sid=101,해외<b>부동산</b> 펀드 전액 손실 사태를 계기로 금융당국이 집중심사제를 도입한다. 해외<b>부동산</b> 펀드의 설계와 제조 단계부터 투자자 눈높이가 충분히 고려됐는지를 집중적으로 살핀다는 계획이다. 금감원은 4일 해외<b>부동산</b>... ,"Thu, 04 Dec 2025 10:00:00 +0900",success
2025-12-05 16:00:02,부동산,지방 <b>부동산</b> 부진에 <b>부동산</b>업 대출 사상 첫 ‘3분기 감소’,https://n.news.naver.com/mnews/article/081/0003598448?sid=101,지방 <b>부동산</b> 경기 침체가 이어지며 <b>부동산</b>업 대출이 통계 편제 이후 처음으로 3개 분기 연속 감소했다. 건설업 대출도 5분기째 줄어드는 등 <b>부동산</b>업 전반의 구조조정 압력이 대출 잔액 감소로 이어지고 있다.... ,"Fri, 05 Dec 2025 12:20:00 +0900",success
2025-12-05 16:00:02,부동산,지방 <b>부동산</b> 시장 '꽁꽁'…<b>부동산</b>업 대출 3분기 연속 감소,https://n.news.naver.com/mnews/article/079/0004093142?sid=101,<b>부동산</b>업 대출이 처음으로 3분기 연속 감소했다. 지방 산업용 <b>부동산</b> 시장 부진 때문이다. 5일 한국은행이 발표한 '3분기 중 예금취급기관 산업별대출금' 통계에 따르면 3분기 말 기준 <b>부동산</b>업 대출금은... ,"Fri, 05 Dec 2025 12:25:00 +0900",success
2025-12-05 16:00:02,부동산,"李정부 <b>부동산</b>대책 평가, 무주택자 '부정'·1주택자 '긍정' 우세[리얼미...",https://n.news.naver.com/mnews/article/001/0015779659?sid=100,"정부의 <b>부동산</b> 대책에 대한 평가가 갈리는 것으로 나타났다. 1주택자 중에서는 긍정 평가가, 무주택자... 리얼미터가 전국 만 18세 이상 1천5명을 상대로 지난 2∼3일 현 정부의 <b>부동산</b> 정책에 대한 평가를 조사해 4일... ","Thu, 04 Dec 2025 17:48:00 +0900",success
2025-12-05 16:00:02,반도체,수출 7000억달러 눈앞…<b>반도체</b>가 주역,https://n.news.naver.com/mnews/article/022/0004087922?sid=101,올해 인공지능(AI)발 <b>반도체</b> 수요 급증과 고단가 선박 인도 시기가 맞물려 수출 증가가 가팔랐던 것으로... 사진=연합뉴스 사상 첫 7000억달러 수출의 주역은 <b>반도체</b>와 선박이다. <b>반도체</b>는 ‘장기 호황(슈퍼사이클)... ,"Fri, 05 Dec 2025 13:23:00 +0900",success
2025-12-05 16:00:02,반도체,"산업부, 'Arm 스쿨' 만들어 국내 <b>반도체</b> 설계 1400명 인재 양성한다",https://n.news.naver.com/mnews/article/003/0013641785?sid=101,산업통상부는 5일 휴머노이드 로봇 관련 <b>반도체</b> 시장에서 주목 받고 있는 Arm과 '한국 <b>반도체</b>·AI 산업 강화'를 위한 양해각서(MOU)에 서명하고 국내 <b>반도체</b> 설계 인력 1400명 양성을 추진한다고 밝혔다. MOU는 이재명... ,"Fri, 05 Dec 2025 14:14:00 +0900",success
2025-12-05 16:00:02,반도체,대통령실 &quot;ARM과 <b>반도체</b> 설계인재 1400명 키운다&quot;,https://n.news.naver.com/mnews/article/014/0005444871?sid=100,1400명의 <b>반도체</b> 설계 전문인재를 양성하는 'ARM 스쿨(가칭)' 설립을 본격 논의했다고 밝혔다.... 김용범 대통령실 정책실장은 이날 브리핑에서 &quot;ARM 스쿨은 ARM이 가진 설계(IP) 전문성을 기반으로 한 <b>반도체</b> 특화... ,"Fri, 05 Dec 2025 14:29:00 +0900",success
2025-12-05 16:00:02,반도체,"대통령실 “정부·ARM MOU 체결…<b>반도체</b> 설계 인력 1,400명 양성”",https://n.news.naver.com/mnews/article/056/0012080272?sid=100,대통령실은 정부와 영국 <b>반도체</b> 설계 회사 ARM이 'ARM 스쿨' 설립 등을 골자로 하는 인공지능(AI) 산업 강화를... 것&quot;이라며 &quot;<b>반도체</b> 설립에 특화된 교육기관으로 본 기관을 통해 글로벌 최고 수준의 <b>반도체</b> 설계 인력 1... ,"Fri, 05 Dec 2025 13:42:00 +0900",success
2025-12-05 16:00:02,반도체,"정부, ‘Arm 스쿨’ 만들어 <b>반도체</b> 인력 1400명 양성",https://n.news.naver.com/mnews/article/449/0000328643?sid=100,산업통상부는 5일 휴머노이드 로봇 관련 <b>반도체</b> 시장에서 주목 받고 있는 Arm과 '한국 <b>반도체</b>·AI 산업 강화'를 위한 양해각서(MOU)에 서명하고 국내 <b>반도체</b> 설계 인력 1400명 양성을 추진한다고 밝혔습니다. MOU는... ,"Fri, 05 Dec 2025 14:00:00 +0900",success
2025-12-05 16:00:03,코스피,"[속보] <b>코스피</b>, 4,100선 '회복'…현대차 '불기둥'",https://n.news.naver.com/mnews/article/215/0001233579?sid=101,"<b>코스피</b>가 한달여 만에 4,100선을 회복했다. 외국인과 기관이 모처럼만에 대규모 매수에 나서면서 지수를 밀어 올렸다. 5일 <b>코스피</b>지수는 전거래일대비 71.54포인트(1.78%) 오른 4,100.05에 거래를 마쳤다. 종가... ","Fri, 05 Dec 2025 15:32:00 +0900",success
2025-12-05 16:00:03,코스피,"<b>코스피</b>, 장 초반 변동성 딛고 상승 전환…개인·기관 매수세",https://n.news.naver.com/mnews/article/003/0013640949?sid=101,<b>코스피</b>가 장 초반 외국인과 기관의 동반 매도에 낙폭을 키우며 4000선이 위협받았지만 이후 저가 매수세가 유입되며 상승 전환에 성공했다. 5일 오전 9시 35분 기준 <b>코스피</b>는 전 거래일보다 7.60포인트(0.19%) 오른... ,"Fri, 05 Dec 2025 09:41:00 +0900",success
2025-12-05 16:00:03,코스피,외국인 매수에 <b>코스피</b> 상승...현대차·LG전자 급등,https://n.news.naver.com/mnews/article/052/0002282907?sid=101,"하락 출발한 <b>코스피</b>가 외국인과 기관의 순매수로 상승 전환했습니다. <b>코스피</b>는 0.1% 내린 4,023으로 개장해 4,003까지 내려갔지만 상승 전환해 4,060선까지 올랐습니다. 4거래일 연속 상승세인 현대차는 사상... ","Fri, 05 Dec 2025 10:30:00 +0900",success
2025-12-05 16:00:03,코스피,맥쿼리 “2026년 <b>코스피</b> 6000…삼성전자와 SK하이닉스가 견인”,https://n.news.naver.com/mnews/article/022/0004087669?sid=101,"글로벌 투자은행(IB) 맥쿼리가 내년 <b>코스피</b>가 6000포인트까지 오를 수 있다고 전망했다. ‘6000피’ 견인의... 맥쿼리는 지난 2일 발간한 보고서에서 “<b>코스피</b>가 강력한 수익 성장, 풍부한 유동성, 주식에 우호적인 정부... ","Thu, 04 Dec 2025 15:47:00 +0900",success
2025-12-05 16:00:03,코스피,맥쿼리 “내년 <b>코스피</b> 6000 간다” OO기업이 주도,https://n.news.naver.com/mnews/article/021/0002754771?sid=101,"연합뉴스 글로벌 투자은행(IB) 맥쿼리가 내년 <b>코스피</b>가 6000선에 도달할 수 있다고 전망했다. 특히 맥쿼리는... 4일 금융투자업계에 따르면 맥쿼리는 지난 2일 발간한 보고서에서 “<b>코스피</b>가 강력한 수익 성장, 풍부한... ","Thu, 04 Dec 2025 10:47:00 +0900",success
2025-12-05 20:00:02,경제,불수능 만점 광주 서석고 최장우 학생 “최고 <b>경제</b>학자가 꿈”,https://n.news.naver.com/mnews/article/028/0002779984?sid=102,"인문사회계열인 최군은 현재 수시모집에서 서울대 <b>경제</b>학과를 지원해 1차 합격한 상태다. 최군은 “대한민국 최고 <b>경제</b>학자를 꿈꿔왔는데, 이번 결과로 꿈에 한 걸음 더 나아간 것 같아 기쁘다”고 소감을 밝혔다.... ","Fri, 05 Dec 2025 11:22:00 +0900",success
2025-12-05 20:00:02,경제,"스틸싸이클, 기후부장관 표창…순환<b>경제</b> 구축 노력 공로",https://n.news.naver.com/mnews/article/003/0013642136?sid=102,스틸싸이클은 지난해 순환<b>경제</b> 산업 유공 포상에서도 순환<b>경제</b> 구축 노력을 인정받아 산업통상자원부 장관상을 받았다. 스틸싸이클은 기존 매립 처리돼 2차 환경오염을 유발하는 제강분진 등 다양한 산업폐기물에서... ,"Fri, 05 Dec 2025 15:28:00 +0900",success
2025-12-05 20:00:02,경제,방미통위원장 후보자 &quot;조직 안정화에 최우선…국민<b>경제</b> 기여&quot;,https://n.news.naver.com/mnews/article/001/0015778087?sid=100,&quot;임명되면 방송3법 후속 조치할 것&quot; 나확진 한상용 기자 = 김종철 방송미디어통신위원회 초대 위원장 후보자는 4일 &quot;조직 안정화에 최우선을 두겠다&quot;고 밝혔다. 김 후보자는 이날 오전 정부과천청사 인근에 마련한... ,"Thu, 04 Dec 2025 10:22:00 +0900",success
2025-12-05 20:00:02,경제,"‘Give &amp; Take’, 국민연금과 <b>경제</b>성장 함께 가볼까? [연금 구조개혁]⑥",https://n.news.naver.com/mnews/article/056/0012080284?sid=102,이재명 정부의 핵심 <b>경제</b>정책은 '잠재성장률 제고'이다. 지난 11월 13일 열린 수석보좌관 회의에서는... 그만큼 국가 <b>경제</b>와 공적연금은 한배를 탄 관계이다. 다만 오롯이 국민 가입자가 낸 보험료로 일군 연기금을... ,"Fri, 05 Dec 2025 14:00:00 +0900",success
2025-12-05 20:00:02,경제,"NH농협생명, '2026 <b>경제</b>·금융시장 전망' 임직원 특강 개최",https://n.news.naver.com/mnews/article/421/0008644972?sid=101,박재찬 보험전문기자 = NH농협생명은 서울 본사에서 임직원을 대상으로 '2026 <b>경제</b> 및 금융시장 전망' 특강을 개최했다고 5일 밝혔다. 이번 특강은 신영증권 김학균 리서치센터장이 연사로 참여했다. 2026년 국내외 <b>경제</b>... ,"Fri, 05 Dec 2025 10:50:00 +0900",success
2025-12-05 20:00:02,부동산,"금감원, 해외<b>부동산</b> 펀드 집중심사제 가동…&quot;투자자 눈높이 맞춰야&quot;",https://n.news.naver.com/mnews/article/003/0013638478?sid=101,해외<b>부동산</b> 펀드 전액 손실 사태를 계기로 금융당국이 집중심사제를 도입한다. 해외<b>부동산</b> 펀드의 설계와 제조 단계부터 투자자 눈높이가 충분히 고려됐는지를 집중적으로 살핀다는 계획이다. 금감원은 4일 해외<b>부동산</b>... ,"Thu, 04 Dec 2025 10:00:00 +0900",success
2025-12-05 20:00:02,부동산,지방 <b>부동산</b> 부진에 <b>부동산</b>업 대출 사상 첫 ‘3분기 감소’,https://n.news.naver.com/mnews/article/081/0003598448?sid=101,지방 <b>부동산</b> 경기 침체가 이어지며 <b>부동산</b>업 대출이 통계 편제 이후 처음으로 3개 분기 연속 감소했다. 건설업 대출도 5분기째 줄어드는 등 <b>부동산</b>업 전반의 구조조정 압력이 대출 잔액 감소로 이어지고 있다.... ,"Fri, 05 Dec 2025 12:20:00 +0900",success
2025-12-05 20:00:02,부동산,지방 <b>부동산</b> 시장 '꽁꽁'…<b>부동산</b>업 대출 3분기 연속 감소,https://n.news.naver.com/mnews/article/079/0004093142?sid=101,<b>부동산</b>업 대출이 처음으로 3분기 연속 감소했다. 지방 산업용 <b>부동산</b> 시장 부진 때문이다. 5일 한국은행이 발표한 '3분기 중 예금취급기관 산업별대출금' 통계에 따르면 3분기 말 기준 <b>부동산</b>업 대출금은... ,"Fri, 05 Dec 2025 12:25:00 +0900",success
2025-12-05 20:00:02,부동산,"李정부 <b>부동산</b>대책 평가, 무주택자 '부정'·1주택자 '긍정' 우세[리얼미...",https://n.news.naver.com/mnews/article/001/0015779659?sid=100,"정부의 <b>부동산</b> 대책에 대한 평가가 갈리는 것으로 나타났다. 1주택자 중에서는 긍정 평가가, 무주택자... 리얼미터가 전국 만 18세 이상 1천5명을 상대로 지난 2∼3일 현 정부의 <b>부동산</b> 정책에 대한 평가를 조사해 4일... ","Thu, 04 Dec 2025 17:48:00 +0900",success
2025-12-05 20:00:02,부동산,"李대통령 취임 6개월 지지율 62%...&quot;외교 잘했고, <b>부동산</b> 못했다&quot; [한국...",https://n.news.naver.com/mnews/article/123/0002373292?sid=100,"외교 정책이 가장 긍정(63%) 평가를 받았고, <b>부동산</b> 정책에 대해선 긍정(24%)보다 부정(49%) 평가가 두 배... <b>부동산</b> 정책은 긍정평가(24%)보다 부정평가(49%)가 높았다. 정당지지도는 더불어민주당 43%, 국민의힘 24... ","Fri, 05 Dec 2025 11:09:00 +0900",success
2025-12-05 20:00:03,반도체,'Arm 스쿨'서 글로벌 <b>반도체</b>설계 인재 1400명 키운다,https://n.news.naver.com/mnews/article/009/0005601645?sid=101,"산업부, Arm과 MOU 비메모리 경쟁력 강화 포석 <b>반도체</b> 특성화 대학원에 광주과학기술원 지정 유력 이재명 대통령이 5일 손정의 소프트뱅크 회장을 만나 <b>반도체</b> 설계 분야 인력 양성에 협력하기로 한 것은 한국이 상대적... ","Fri, 05 Dec 2025 17:22:00 +0900",success
2025-12-05 20:00:03,반도체,수출 7000억달러 눈앞…<b>반도체</b>가 주역,https://n.news.naver.com/mnews/article/022/0004087922?sid=101,올해 인공지능(AI)발 <b>반도체</b> 수요 급증과 고단가 선박 인도 시기가 맞물려 수출 증가가 가팔랐던 것으로... 사진=연합뉴스 사상 첫 7000억달러 수출의 주역은 <b>반도체</b>와 선박이다. <b>반도체</b>는 ‘장기 호황(슈퍼사이클)... ,"Fri, 05 Dec 2025 13:23:00 +0900",success
2025-12-05 20:00:03,반도체,"산업부, 'Arm 스쿨' 만들어 국내 <b>반도체</b> 설계 1400명 인재 양성한다",https://n.news.naver.com/mnews/article/003/0013641785?sid=101,산업통상부는 5일 휴머노이드 로봇 관련 <b>반도체</b> 시장에서 주목 받고 있는 Arm과 '한국 <b>반도체</b>·AI 산업 강화'를 위한 양해각서(MOU)에 서명하고 국내 <b>반도체</b> 설계 인력 1400명 양성을 추진한다고 밝혔다. MOU는 이재명... ,"Fri, 05 Dec 2025 14:14:00 +0900",success
2025-12-05 20:00:03,반도체,"정부, ‘Arm 스쿨’ 만들어 <b>반도체</b> 인력 1400명 양성",https://n.news.naver.com/mnews/article/449/0000328643?sid=100,산업통상부는 5일 휴머노이드 로봇 관련 <b>반도체</b> 시장에서 주목 받고 있는 Arm과 '한국 <b>반도체</b>·AI 산업 강화'를 위한 양해각서(MOU)에 서명하고 국내 <b>반도체</b> 설계 인력 1400명 양성을 추진한다고 밝혔습니다. MOU는... ,"Fri, 05 Dec 2025 14:00:00 +0900",success
2025-12-05 20:00:03,반도체,"정부-ARM, <b>반도체</b> 설계 인력 1천400명 양성한다",https://n.news.naver.com/mnews/article/092/0002401244?sid=105,<b>반도체</b> 설계 기업 ARM이 국내 <b>반도체</b> 인재 양성에 힘을 보탠다. 산업통상부는 5일 ARM과 한국 <b>반도체</b>·AI 산업 강화를 위한 양해각서에 서명했다고 밝혔다. 이번 MOU는 같은 날 이재명 대통령과 소프트뱅크 손정의 회장... ,"Fri, 05 Dec 2025 14:15:00 +0900",success
2025-12-05 20:00:03,코스피,"<b>코스피</b>, 외국인·기관 매수에 힘입어 4100선 회복",https://n.news.naver.com/mnews/article/050/0000099277?sid=101,"<b>코스피</b>가 5일 반등하며 4,100선을 되찾았다. 이날 유가증권시장에서 <b>코스피</b>지수는 전장보다 71.54포인트(1.78%) 오른 4,100.05로 거래를 마감했다. 장 초반 4,023.50에서 약세로 출발했으나 곧 상승세로 돌아섰다. 4100선... ","Fri, 05 Dec 2025 16:29:00 +0900",success
2025-12-05 20:00:03,코스피,"<b>코스피</b>, 4,100선 회복하며 상승 마감…코스닥은 내려",https://n.news.naver.com/mnews/article/001/0015781569?sid=101,"<b>코스피</b>가 5일 4,100선을 회복했다. 이날 <b>코스피</b>는 전장보다 71.54포인트(1.78%) 오른 4,100.05에 장을 마쳤다. 지수는 전장 대비 5.01포인트(0.12%) 내린 4,023.50으로 출발했으나 장 초반 상승 전환해 4... ","Fri, 05 Dec 2025 15:38:00 +0900",success
2025-12-05 20:00:03,코스피,[포토타임] <b>코스피</b> 4100 회복하며 상승 마감...,https://n.news.naver.com/mnews/article/025/0003487700?sid=102,"■ 2025.12.05 오후 4:00 <b>코스피</b> 4100 회복하며 상승 마감... 5일 오후 서울 중구 하나은행 딜링룸에서 딜러들이 업무를 보고 있다. 이날 <b>코스피</b> 지수는 전 거래일 대비 71.54포인트(1.78%) 오른 4100.05로, 코스닥 지수는 전... ","Fri, 05 Dec 2025 08:48:00 +0900",success
2025-12-05 20:00:03,코스피,<b>코스피</b> 4100선 회복…외국인·기관 ‘쌍끌이’ 사자 [투자360],https://n.news.naver.com/mnews/article/016/0002568012?sid=101,이날 <b>코스피</b>는 전장보다 71.54포인트(1.78%) 오른 4100.05에 장을 마쳤다. 지수는 전장 대비 5.01포인트(0.12... [연합] [헤럴드경제=김유진 기자] <b>코스피</b>가 5일 외국인과 기관의 동반 매수세에 힘입어 4100선을 재탈환... ,"Fri, 05 Dec 2025 16:47:00 +0900",success
2025-12-05 20:00:03,코스피,"<b>코스피</b>, 3주 만에 4100선 마감…외인·기관 2조 ‘쌍끌이’",https://n.news.naver.com/mnews/article/022/0004088001?sid=101,<b>코스피</b>가 5일 4100선을 탈환하고 장을 마쳤다. 외국인과 기관의 매수세가 지수 상승을 견인했다. 이날 <b>코스피</b>는 전장보다 71.54포인트(1.78%) 오른 4100.05에 장을 마쳤다. 종가 기준 4100선을 넘은 것은 지난달... ,"Fri, 05 Dec 2025 16:13:00 +0900",success
2025-12-06 08:00:01,경제,푸틴 &quot;美의 러-인 관계 수정 압박 불구 <b>경제</b>관계 더욱 다각화 합의&quot;,https://n.news.naver.com/mnews/article/003/0013642543?sid=104,"러시아와 인도는 수십년 된 러시아와 인도 간 파트너십을 수정하라는 압박에도 불구, 상호 <b>경제</b>적 관계를... 회담 후 두 정상은 인도와 러시아가 2030년까지 <b>경제</b>협력 프로그램을 마무리했으며, 이는 상호 비즈니스를... ","Fri, 05 Dec 2025 20:43:00 +0900",success
2025-12-06 08:00:01,경제,불수능 만점 광주 서석고 최장우 학생 “최고 <b>경제</b>학자가 꿈”,https://n.news.naver.com/mnews/article/028/0002779984?sid=102,"인문사회계열인 최군은 현재 수시모집에서 서울대 <b>경제</b>학과를 지원해 1차 합격한 상태다. 최군은 “대한민국 최고 <b>경제</b>학자를 꿈꿔왔는데, 이번 결과로 꿈에 한 걸음 더 나아간 것 같아 기쁘다”고 소감을 밝혔다.... ","Fri, 05 Dec 2025 11:22:00 +0900",success
2025-12-06 08:00:01,경제,&quot;789조 <b>경제</b> 피해&quot;…日 최악 시나리오 나왔다,https://n.news.naver.com/mnews/article/215/0001233607?sid=104,"3의 강진(수도권 직하 지진)이 발생하면 최악의 경우 83조엔(약 789조원)의 <b>경제</b> 피해가 초래될 것이라는... 당시 예상 사망자를 2만3,000명, <b>경제</b> 피해 전망치를 95조엔(약 903조원)으로 제시했다. 닛케이는 &quot;이번... ","Fri, 05 Dec 2025 20:00:00 +0900",success
2025-12-06 08:00:01,경제,방미통위원장 후보자 &quot;조직 안정화에 최우선…국민<b>경제</b> 기여&quot;,https://n.news.naver.com/mnews/article/001/0015778087?sid=100,&quot;임명되면 방송3법 후속 조치할 것&quot; 나확진 한상용 기자 = 김종철 방송미디어통신위원회 초대 위원장 후보자는 4일 &quot;조직 안정화에 최우선을 두겠다&quot;고 밝혔다. 김 후보자는 이날 오전 정부과천청사 인근에 마련한... ,"Thu, 04 Dec 2025 10:22:00 +0900",success
2025-12-06 08:00:01,경제,"‘Give &amp; Take’, 국민연금과 <b>경제</b>성장 함께 가볼까? [연금 구조개혁]⑥",https://n.news.naver.com/mnews/article/056/0012080284?sid=102,이재명 정부의 핵심 <b>경제</b>정책은 '잠재성장률 제고'이다. 지난 11월 13일 열린 수석보좌관 회의에서는... 그만큼 국가 <b>경제</b>와 공적연금은 한배를 탄 관계이다. 다만 오롯이 국민 가입자가 낸 보험료로 일군 연기금을... ,"Fri, 05 Dec 2025 14:00:00 +0900",success
2025-12-06 08:00:01,부동산,2000만원 넘던 곳도 93% '폭싹'…대기업은 '구조조정' 엔딩,https://n.news.naver.com/mnews/article/015/0005220827?sid=101,‘가상세계(메타버스) <b>부동산</b>’ 가치가 바닥을 모르고 하락하고 있다. 한때 샌드박스와 디센트럴랜드 등... ◇가상 <b>부동산</b> 가치 95% 폭락 5일 금융투자업계에 따르면 주요 글로벌 메타버스 플랫폼의 가상 <b>부동산</b>... ,"Fri, 05 Dec 2025 17:08:00 +0900",success
2025-12-06 08:00:01,부동산,10·15 <b>부동산</b> 대책에 신혼·청년층의 한숨은 커진다,https://n.news.naver.com/mnews/article/079/0004093347?sid=101,15 <b>부동산</b> 대책에 청년층과 실수요자들 위한 추가 대책 필요&quot; 유례가 없었다는 초강력 10·15 '주택시장... 한국<b>부동산</b>원이 공개한 11월 서울 아파트 전세수급지수는 104.4를 기록하면서 직전달(104)보다 상승했다. 같은... ,"Sat, 06 Dec 2025 05:01:00 +0900",success
2025-12-06 08:00:01,부동산,얼어붙은 지방 <b>부동산</b>…<b>부동산</b>업 대출 첫 ‘3분기째 감소’,https://n.news.naver.com/mnews/article/022/0004087983?sid=101,한은 ‘3분기 중 예금취급기관 산업별대출금’ 2025년 1∼3분기 내리 감소…2008년來 처음 지방 <b>부동산</b> 시장 부진 등으로 <b>부동산</b>업대출이 처음으로 3분기 연속 감소했다. 5일 한국은행이 발표한 ‘3분기 중... ,"Fri, 05 Dec 2025 15:07:00 +0900",success
2025-12-06 08:00:01,부동산,"금감원, 해외<b>부동산</b> 펀드 집중심사제 가동…&quot;투자자 눈높이 맞춰야&quot;",https://n.news.naver.com/mnews/article/003/0013638478?sid=101,해외<b>부동산</b> 펀드 전액 손실 사태를 계기로 금융당국이 집중심사제를 도입한다. 해외<b>부동산</b> 펀드의 설계와 제조 단계부터 투자자 눈높이가 충분히 고려됐는지를 집중적으로 살핀다는 계획이다. 금감원은 4일 해외<b>부동산</b>... ,"Thu, 04 Dec 2025 10:00:00 +0900",success
2025-12-06 08:00:01,부동산,지방 <b>부동산</b> 부진에 <b>부동산</b>업 대출 사상 첫 ‘3분기 감소’,https://n.news.naver.com/mnews/article/081/0003598448?sid=101,지방 <b>부동산</b> 경기 침체가 이어지며 <b>부동산</b>업 대출이 통계 편제 이후 처음으로 3개 분기 연속 감소했다. 건설업 대출도 5분기째 줄어드는 등 <b>부동산</b>업 전반의 구조조정 압력이 대출 잔액 감소로 이어지고 있다.... ,"Fri, 05 Dec 2025 12:20:00 +0900",success
2025-12-06 08:00:02,반도체,대통령실 &quot;정부·ARM MOU 체결…<b>반도체</b> 설계인력 1400명 양성&quot;,https://n.news.naver.com/mnews/article/003/0013641775?sid=100,김지은 김경록 기자 = 정부와 소프트뱅크 자회사인 <b>반도체</b> 설계회사 ARM이 한국 <b>반도체</b>와 AI 산업 강화를 위한 양해각서(MOU)를 체결했다고 대통령실이 5일 밝혔다. 김용범 정책실장은 이날 용산 대통령실에서 브리핑을... ,"Fri, 05 Dec 2025 14:14:00 +0900",success
2025-12-06 08:00:02,반도체,'Arm 스쿨'서 글로벌 <b>반도체</b>설계 인재 1400명 키운다,https://n.news.naver.com/mnews/article/009/0005601645?sid=101,"산업부, Arm과 MOU 비메모리 경쟁력 강화 포석 <b>반도체</b> 특성화 대학원에 광주과학기술원 지정 유력 이재명 대통령이 5일 손정의 소프트뱅크 회장을 만나 <b>반도체</b> 설계 분야 인력 양성에 협력하기로 한 것은 한국이 상대적... ","Fri, 05 Dec 2025 17:22:00 +0900",success
2025-12-06 08:00:02,반도체,수출 7000억달러 눈앞…<b>반도체</b>가 주역,https://n.news.naver.com/mnews/article/022/0004087922?sid=101,올해 인공지능(AI)발 <b>반도체</b> 수요 급증과 고단가 선박 인도 시기가 맞물려 수출 증가가 가팔랐던 것으로... 사진=연합뉴스 사상 첫 7000억달러 수출의 주역은 <b>반도체</b>와 선박이다. <b>반도체</b>는 ‘장기 호황(슈퍼사이클)... ,"Fri, 05 Dec 2025 13:23:00 +0900",success
2025-12-06 08:00:02,반도체,대통령실 &quot;ARM과 <b>반도체</b> 설계인재 1400명 키운다&quot;,https://n.news.naver.com/mnews/article/014/0005444871?sid=100,1400명의 <b>반도체</b> 설계 전문인재를 양성하는 'ARM 스쿨(가칭)' 설립을 본격 논의했다고 밝혔다.... 김용범 대통령실 정책실장은 이날 브리핑에서 &quot;ARM 스쿨은 ARM이 가진 설계(IP) 전문성을 기반으로 한 <b>반도체</b> 특화... ,"Fri, 05 Dec 2025 14:29:00 +0900",success
2025-12-06 08:00:02,반도체,"대통령실 “정부·ARM MOU 체결…<b>반도체</b> 설계 인력 1,400명 양성”",https://n.news.naver.com/mnews/article/056/0012080272?sid=100,대통령실은 정부와 영국 <b>반도체</b> 설계 회사 ARM이 'ARM 스쿨' 설립 등을 골자로 하는 인공지능(AI) 산업 강화를... 것&quot;이라며 &quot;<b>반도체</b> 설립에 특화된 교육기관으로 본 기관을 통해 글로벌 최고 수준의 <b>반도체</b> 설계 인력 1... ,"Fri, 05 Dec 2025 13:42:00 +0900",success
2025-12-06 08:00:02,코스피,"<b>코스피</b>, 외국인·기관 매수에 힘입어 4100선 회복",https://n.news.naver.com/mnews/article/050/0000099277?sid=101,"<b>코스피</b>가 5일 반등하며 4,100선을 되찾았다. 이날 유가증권시장에서 <b>코스피</b>지수는 전장보다 71.54포인트(1.78%) 오른 4,100.05로 거래를 마감했다. 장 초반 4,023.50에서 약세로 출발했으나 곧 상승세로 돌아섰다. 4100선... ","Fri, 05 Dec 2025 16:29:00 +0900",success
2025-12-06 08:00:02,코스피,"<b>코스피</b>, 4,100선 회복하며 상승 마감…코스닥은 내려",https://n.news.naver.com/mnews/article/001/0015781569?sid=101,"<b>코스피</b>가 5일 4,100선을 회복했다. 이날 <b>코스피</b>는 전장보다 71.54포인트(1.78%) 오른 4,100.05에 장을 마쳤다. 지수는 전장 대비 5.01포인트(0.12%) 내린 4,023.50으로 출발했으나 장 초반 상승 전환해 4... ","Fri, 05 Dec 2025 15:38:00 +0900",success
2025-12-06 08:00:02,코스피,[포토타임] <b>코스피</b> 4100 회복하며 상승 마감...,https://n.news.naver.com/mnews/article/025/0003487700?sid=102,"■ 2025.12.05 오후 4:00 <b>코스피</b> 4100 회복하며 상승 마감... 5일 오후 서울 중구 하나은행 딜링룸에서 딜러들이 업무를 보고 있다. 이날 <b>코스피</b> 지수는 전 거래일 대비 71.54포인트(1.78%) 오른 4100.05로, 코스닥 지수는 전... ","Fri, 05 Dec 2025 08:48:00 +0900",success
2025-12-06 08:00:02,코스피,<b>코스피</b> 4100선 회복…외국인·기관 ‘쌍끌이’ 사자 [투자360],https://n.news.naver.com/mnews/article/016/0002568012?sid=101,이날 <b>코스피</b>는 전장보다 71.54포인트(1.78%) 오른 4100.05에 장을 마쳤다. 지수는 전장 대비 5.01포인트(0.12... [연합] [헤럴드경제=김유진 기자] <b>코스피</b>가 5일 외국인과 기관의 동반 매수세에 힘입어 4100선을 재탈환... ,"Fri, 05 Dec 2025 16:47:00 +0900",success
2025-12-06 08:00:02,코스피,"<b>코스피</b>, 3주 만에 4100선 마감…외인·기관 2조 ‘쌍끌이’",https://n.news.naver.com/mnews/article/022/0004088001?sid=101,<b>코스피</b>가 5일 4100선을 탈환하고 장을 마쳤다. 외국인과 기관의 매수세가 지수 상승을 견인했다. 이날 <b>코스피</b>는 전장보다 71.54포인트(1.78%) 오른 4100.05에 장을 마쳤다. 종가 기준 4100선을 넘은 것은 지난달... ,"Fri, 05 Dec 2025 16:13:00 +0900",success
2025-12-06 20:00:02,경제,[단독] <b>경제</b>지 기자에 1억 주고 “잘 좀 써줘”…‘김건희 집사 게이트...,https://n.news.naver.com/mnews/article/028/0002780121?sid=102,한겨레 취재 결과 조 대표는 현직 <b>경제</b>지 기자에게 매달 월급 형식으로 돈을 주고 자신의 회사에 대한 우호적인 기사를 쓰도록 한 혐의(배임증재)를 받고 있는 것으로 확인됐다. 조 대표가 해당 기자에게 전달한 돈은... ,"Sat, 06 Dec 2025 10:16:00 +0900",success
2025-12-06 20:00:02,경제,<b>경제</b> 위기에 '역대급 재난' 강타...사망자 600명 넘어,https://n.news.naver.com/mnews/article/215/0001233643?sid=104,남아시아 국가 스리랑카에서 사이클론 '디트와'로 인한 홍수와 산사태 피해 등으로 사망자 수가 600명을 넘겼다. 이런 와중에 폭우로 인한 추가 산사태 경보까지 나왔다. 스리랑카 재난 당국이 디트와로 인한 홍수와... ,"Sat, 06 Dec 2025 17:10:00 +0900",success
2025-12-06 20:00:02,경제,푸틴 &quot;美의 러-인 관계 수정 압박 불구 <b>경제</b>관계 더욱 다각화 합의&quot;,https://n.news.naver.com/mnews/article/003/0013642543?sid=104,"러시아와 인도는 수십년 된 러시아와 인도 간 파트너십을 수정하라는 압박에도 불구, 상호 <b>경제</b>적 관계를... 회담 후 두 정상은 인도와 러시아가 2030년까지 <b>경제</b>협력 프로그램을 마무리했으며, 이는 상호 비즈니스를... ","Fri, 05 Dec 2025 20:43:00 +0900",success
2025-12-06 20:00:02,경제,[다음주 <b>경제</b>] 11월 일자리 얼마나 늘었나…美 FOMC도 주목,https://n.news.naver.com/mnews/article/001/0015782130?sid=101,"한국개발연구원(KDI)은 8일 '<b>경제</b> 동향 12월호' 보고서를 내놓고, 12일에는 기획재정부의 '최근 <b>경제</b> 동향'(그린북)이 공개된다. 11일에는 10월 말 누계 기준 재정 동향이 발표된다. 올해 1∼9월 관리재정수지 적자는... ","Sat, 06 Dec 2025 09:23:00 +0900",success
2025-12-06 20:00:02,경제,'취임 6개월' 성과 알린다...외교·<b>경제</b> 회복에 방점,https://n.news.naver.com/mnews/article/052/0002283463?sid=100,"외교와 민생<b>경제</b> 회복에 방점이 찍힐 거로 보이는데, 앞으로의 과제 역시 적지 않단 분석도 나옵니다.... 한 <b>경제</b> 회복도 부각할 전망입니다. '인공지능 3대 강국' 도약을 위해 글로벌 대표 주자들과 투자 협력에 박차를... ","Sat, 06 Dec 2025 18:43:00 +0900",success
2025-12-06 20:00:02,부동산,‘가짜’ <b>부동산</b> 경매학원…수강생 상대 80억원 투자사기로 ‘중형’,https://n.news.naver.com/mnews/article/243/0000089218?sid=101,"<b>부동산</b>경매 투자학원을 운영하며 수강생들을 상대로 수십억 원대 투자 사기 피해를 준 혐의로 재판에... A씨는 부산의 한 <b>부동산</b>경매 투자학원 원장, B씨는 해당 학원의 부원장이면서 투자회사 C사의 대표였다. 두... ","Sat, 06 Dec 2025 17:28:00 +0900",success
2025-12-06 20:00:02,부동산,"국힘 &quot;李, 서울 집값 폭등시키고 '대책 없다'고…국민 우롱&quot;",https://n.news.naver.com/mnews/article/003/0013642789?sid=100,"강력한 <b>부동산</b> 대책을 내놨지만, 집값은 못 잡고 애먼 실수요자들만 잡았다&quot;고 주장했다. 박 수석대변인은 &quot;내... 박 수석대변인은 &quot;규제를 강화할수록 서울 <b>부동산</b> 시장의 초양극화는 되레 가속화됐다&quot;며 &quot;이것이 이 정부가... ","Sat, 06 Dec 2025 10:22:00 +0900",success
2025-12-06 20:00:02,부동산,2000만원 넘던 곳도 93% '폭싹'…대기업은 '구조조정' 엔딩,https://n.news.naver.com/mnews/article/015/0005220827?sid=101,‘가상세계(메타버스) <b>부동산</b>’ 가치가 바닥을 모르고 하락하고 있다. 한때 샌드박스와 디센트럴랜드 등... ◇가상 <b>부동산</b> 가치 95% 폭락 5일 금융투자업계에 따르면 주요 글로벌 메타버스 플랫폼의 가상 <b>부동산</b>... ,"Fri, 05 Dec 2025 17:08:00 +0900",success
2025-12-06 20:00:02,부동산,10·15 <b>부동산</b> 대책에 신혼·청년층의 한숨은 커진다,https://n.news.naver.com/mnews/article/079/0004093347?sid=101,15 <b>부동산</b> 대책에 청년층과 실수요자들 위한 추가 대책 필요&quot; 유례가 없었다는 초강력 10·15 '주택시장... 한국<b>부동산</b>원이 공개한 11월 서울 아파트 전세수급지수는 104.4를 기록하면서 직전달(104)보다 상승했다. 같은... ,"Sat, 06 Dec 2025 05:01:00 +0900",success
2025-12-06 20:00:02,부동산,"새 정부 <b>부동산</b> 대책 평가, ‘이것’으로 엇갈렸다…긍정 47.7% vs 부정 4...",https://n.news.naver.com/mnews/article/009/0005601871?sid=101,10·15 <b>부동산</b> 대책으로 서울 전역과 경기 분당·과천 등 12개 지역이 토지거래허가구역으로 지정된 것과... 6일 리얼미터가 전국 만 18세 이상 1005명을 상대로 지난 2∼3일 현 정부의 <b>부동산</b> 정책에 대한 평가를 조사해... ,"Sat, 06 Dec 2025 13:30:00 +0900",success
2025-12-06 20:00:02,반도체,대통령실 &quot;정부·ARM MOU 체결…<b>반도체</b> 설계인력 1400명 양성&quot;,https://n.news.naver.com/mnews/article/003/0013641775?sid=100,김지은 김경록 기자 = 정부와 소프트뱅크 자회사인 <b>반도체</b> 설계회사 ARM이 한국 <b>반도체</b>와 AI 산업 강화를 위한 양해각서(MOU)를 체결했다고 대통령실이 5일 밝혔다. 김용범 정책실장은 이날 용산 대통령실에서 브리핑을... ,"Fri, 05 Dec 2025 14:14:00 +0900",success
2025-12-06 20:00:02,반도체,'Arm 스쿨'서 글로벌 <b>반도체</b>설계 인재 1400명 키운다,https://n.news.naver.com/mnews/article/009/0005601645?sid=101,"산업부, Arm과 MOU 비메모리 경쟁력 강화 포석 <b>반도체</b> 특성화 대학원에 광주과학기술원 지정 유력 이재명 대통령이 5일 손정의 소프트뱅크 회장을 만나 <b>반도체</b> 설계 분야 인력 양성에 협력하기로 한 것은 한국이 상대적... ","Fri, 05 Dec 2025 17:22:00 +0900",success
2025-12-06 20:00:02,반도체,수출 7000억달러 눈앞…<b>반도체</b>가 주역,https://n.news.naver.com/mnews/article/022/0004087922?sid=101,올해 인공지능(AI)발 <b>반도체</b> 수요 급증과 고단가 선박 인도 시기가 맞물려 수출 증가가 가팔랐던 것으로... 사진=연합뉴스 사상 첫 7000억달러 수출의 주역은 <b>반도체</b>와 선박이다. <b>반도체</b>는 ‘장기 호황(슈퍼사이클)... ,"Fri, 05 Dec 2025 13:23:00 +0900",success
2025-12-06 20:00:02,반도체,대통령실 &quot;ARM과 <b>반도체</b> 설계인재 1400명 키운다&quot;,https://n.news.naver.com/mnews/article/014/0005444871?sid=100,1400명의 <b>반도체</b> 설계 전문인재를 양성하는 'ARM 스쿨(가칭)' 설립을 본격 논의했다고 밝혔다.... 김용범 대통령실 정책실장은 이날 브리핑에서 &quot;ARM 스쿨은 ARM이 가진 설계(IP) 전문성을 기반으로 한 <b>반도체</b> 특화... ,"Fri, 05 Dec 2025 14:29:00 +0900",success
2025-12-06 20:00:02,반도체,"대통령실 “정부·ARM MOU 체결…<b>반도체</b> 설계 인력 1,400명 양성”",https://n.news.naver.com/mnews/article/056/0012080272?sid=100,대통령실은 정부와 영국 <b>반도체</b> 설계 회사 ARM이 'ARM 스쿨' 설립 등을 골자로 하는 인공지능(AI) 산업 강화를... 것&quot;이라며 &quot;<b>반도체</b> 설립에 특화된 교육기관으로 본 기관을 통해 글로벌 최고 수준의 <b>반도체</b> 설계 인력 1... ,"Fri, 05 Dec 2025 13:42:00 +0900",success
2025-12-06 20:00:02,코스피,"<b>코스피</b>, 외국인·기관 매수에 힘입어 4100선 회복",https://n.news.naver.com/mnews/article/050/0000099277?sid=101,"<b>코스피</b>가 5일 반등하며 4,100선을 되찾았다. 이날 유가증권시장에서 <b>코스피</b>지수는 전장보다 71.54포인트(1.78%) 오른 4,100.05로 거래를 마감했다. 장 초반 4,023.50에서 약세로 출발했으나 곧 상승세로 돌아섰다. 4100선... ","Fri, 05 Dec 2025 16:29:00 +0900",success
2025-12-06 20:00:02,코스피,"<b>코스피</b>, 4,100선 회복하며 상승 마감…코스닥은 내려",https://n.news.naver.com/mnews/article/001/0015781569?sid=101,"<b>코스피</b>가 5일 4,100선을 회복했다. 이날 <b>코스피</b>는 전장보다 71.54포인트(1.78%) 오른 4,100.05에 장을 마쳤다. 지수는 전장 대비 5.01포인트(0.12%) 내린 4,023.50으로 출발했으나 장 초반 상승 전환해 4... ","Fri, 05 Dec 2025 15:38:00 +0900",success
2025-12-06 20:00:02,코스피,[포토타임] <b>코스피</b> 4100 회복하며 상승 마감...,https://n.news.naver.com/mnews/article/025/0003487700?sid=102,"■ 2025.12.05 오후 4:00 <b>코스피</b> 4100 회복하며 상승 마감... 5일 오후 서울 중구 하나은행 딜링룸에서 딜러들이 업무를 보고 있다. 이날 <b>코스피</b> 지수는 전 거래일 대비 71.54포인트(1.78%) 오른 4100.05로, 코스닥 지수는 전... ","Fri, 05 Dec 2025 08:48:00 +0900",success
2025-12-06 20:00:02,코스피,<b>코스피</b> 4100선 회복…외국인·기관 ‘쌍끌이’ 사자 [투자360],https://n.news.naver.com/mnews/article/016/0002568012?sid=101,이날 <b>코스피</b>는 전장보다 71.54포인트(1.78%) 오른 4100.05에 장을 마쳤다. 지수는 전장 대비 5.01포인트(0.12... [연합] [헤럴드경제=김유진 기자] <b>코스피</b>가 5일 외국인과 기관의 동반 매수세에 힘입어 4100선을 재탈환... ,"Fri, 05 Dec 2025 16:47:00 +0900",success
2025-12-06 20:00:02,코스피,"<b>코스피</b>, 3주 만에 4100선 마감…외인·기관 2조 ‘쌍끌이’",https://n.news.naver.com/mnews/article/022/0004088001?sid=101,<b>코스피</b>가 5일 4100선을 탈환하고 장을 마쳤다. 외국인과 기관의 매수세가 지수 상승을 견인했다. 이날 <b>코스피</b>는 전장보다 71.54포인트(1.78%) 오른 4100.05에 장을 마쳤다. 종가 기준 4100선을 넘은 것은 지난달... ,"Fri, 05 Dec 2025 16:13:00 +0900",success
2025-12-07 08:00:01,경제,<b>경제</b> 위기에 '역대급 재난' 강타...사망자 600명 넘어,https://n.news.naver.com/mnews/article/215/0001233643?sid=104,남아시아 국가 스리랑카에서 사이클론 '디트와'로 인한 홍수와 산사태 피해 등으로 사망자 수가 600명을 넘겼다. 이런 와중에 폭우로 인한 추가 산사태 경보까지 나왔다. 스리랑카 재난 당국이 디트와로 인한 홍수와... ,"Sat, 06 Dec 2025 17:10:00 +0900",success
2025-12-07 08:00:01,경제,[단독] <b>경제</b>지 기자에 1억 주고 “잘 좀 써줘”…‘김건희 집사 게이트...,https://n.news.naver.com/mnews/article/028/0002780121?sid=102,한겨레 취재 결과 조 대표는 현직 <b>경제</b>지 기자에게 매달 월급 형식으로 돈을 주고 자신의 회사에 대한 우호적인 기사를 쓰도록 한 혐의(배임증재)를 받고 있는 것으로 확인됐다. 조 대표가 해당 기자에게 전달한 돈은... ,"Sat, 06 Dec 2025 10:16:00 +0900",success
2025-12-07 08:00:01,경제,"중국의 &quot;이웃 궁핍화 전략&quot;, 세계 <b>경제</b>에 치명타",https://n.news.naver.com/mnews/article/014/0005445133?sid=101,세계 <b>경제</b> 성장을 지원하는 최대 동력은 여전히 미국인 것으로 나타났다. 반면 미국의 관세 전쟁에 맞서... 각국 <b>경제</b> 성장을 후퇴시키는 ‘악당’이 되고 있는 것으로 확인됐다. 월스트리트저널(WSJ)은 5일(현지시간) 분석... ,"Sun, 07 Dec 2025 05:04:00 +0900",success
2025-12-07 08:00:01,경제,푸틴 &quot;美의 러-인 관계 수정 압박 불구 <b>경제</b>관계 더욱 다각화 합의&quot;,https://n.news.naver.com/mnews/article/003/0013642543?sid=104,"러시아와 인도는 수십년 된 러시아와 인도 간 파트너십을 수정하라는 압박에도 불구, 상호 <b>경제</b>적 관계를... 회담 후 두 정상은 인도와 러시아가 2030년까지 <b>경제</b>협력 프로그램을 마무리했으며, 이는 상호 비즈니스를... ","Fri, 05 Dec 2025 20:43:00 +0900",success
2025-12-07 08:00:01,경제,[다음주 <b>경제</b>] 11월 일자리 얼마나 늘었나…美 FOMC도 주목,https://n.news.naver.com/mnews/article/001/0015782130?sid=101,"한국개발연구원(KDI)은 8일 '<b>경제</b> 동향 12월호' 보고서를 내놓고, 12일에는 기획재정부의 '최근 <b>경제</b> 동향'(그린북)이 공개된다. 11일에는 10월 말 누계 기준 재정 동향이 발표된다. 올해 1∼9월 관리재정수지 적자는... ","Sat, 06 Dec 2025 09:23:00 +0900",success
2025-12-07 08:00:01,부동산,‘가짜’ <b>부동산</b> 경매학원…수강생 상대 80억원 투자사기로 ‘중형’,https://n.news.naver.com/mnews/article/243/0000089218?sid=101,"<b>부동산</b>경매 투자학원을 운영하며 수강생들을 상대로 수십억 원대 투자 사기 피해를 준 혐의로 재판에... A씨는 부산의 한 <b>부동산</b>경매 투자학원 원장, B씨는 해당 학원의 부원장이면서 투자회사 C사의 대표였다. 두... ","Sat, 06 Dec 2025 17:28:00 +0900",success
2025-12-07 08:00:01,부동산,"19억5000만원 청담동 아파트, 9년 만에 팔린 가격이… [데이터로 보는 부...",https://n.news.naver.com/mnews/article/015/0005221016?sid=101,6일 <b>부동산</b> 플랫폼 직방에 따르면 지난주 전국에서 가장 비싸게 거래된 아파트는 서울 강남구 청담동 ‘삼호빌라’였다. 전용면적 229㎡ 물건이 49억원에 거래됐다. 같은 면적이 2016년 19억5000만원에 거래된 후... ,"Sat, 06 Dec 2025 18:44:00 +0900",success
2025-12-07 08:00:01,부동산,"새 정부 <b>부동산</b> 대책 평가, ‘이것’으로 엇갈렸다…긍정 47.7% vs 부정 4...",https://n.news.naver.com/mnews/article/009/0005601871?sid=101,10·15 <b>부동산</b> 대책으로 서울 전역과 경기 분당·과천 등 12개 지역이 토지거래허가구역으로 지정된 것과... 6일 리얼미터가 전국 만 18세 이상 1005명을 상대로 지난 2∼3일 현 정부의 <b>부동산</b> 정책에 대한 평가를 조사해... ,"Sat, 06 Dec 2025 13:30:00 +0900",success
2025-12-07 08:00:01,부동산,"국힘 &quot;李, 서울 집값 폭등시키고 '대책 없다'고…국민 우롱&quot;",https://n.news.naver.com/mnews/article/003/0013642789?sid=100,"강력한 <b>부동산</b> 대책을 내놨지만, 집값은 못 잡고 애먼 실수요자들만 잡았다&quot;고 주장했다. 박 수석대변인은 &quot;내... 박 수석대변인은 &quot;규제를 강화할수록 서울 <b>부동산</b> 시장의 초양극화는 되레 가속화됐다&quot;며 &quot;이것이 이 정부가... ","Sat, 06 Dec 2025 10:22:00 +0900",success
2025-12-07 08:00:01,부동산,10·15 <b>부동산</b> 대책에 신혼·청년층의 한숨은 커진다,https://n.news.naver.com/mnews/article/079/0004093347?sid=101,15 <b>부동산</b> 대책에 청년층과 실수요자들 위한 추가 대책 필요&quot; 유례가 없었다는 초강력 10·15 '주택시장... 한국<b>부동산</b>원이 공개한 11월 서울 아파트 전세수급지수는 104.4를 기록하면서 직전달(104)보다 상승했다. 같은... ,"Sat, 06 Dec 2025 05:01:00 +0900",success
2025-12-07 08:00:02,반도체,지주회사 규제 풀어 AI·<b>반도체</b> 키운다…금융리스업 허용도 준비,https://n.news.naver.com/mnews/article/001/0015782397?sid=105,정부는 인공지능(AI)이나 <b>반도체</b> 등 대규모 투자가 필요한 전략 산업이 글로벌 경쟁에서 우위를 차지할 수... <b>반도체</b>는 워낙 대규모 투자가 필요하기 때문에 선택의 폭이 좁은 것으로 알려져 있다. SK하이닉스는 2019년... ,"Sun, 07 Dec 2025 05:53:00 +0900",success
2025-12-07 08:00:02,반도체,대통령실 &quot;정부·ARM MOU 체결…<b>반도체</b> 설계인력 1400명 양성&quot;,https://n.news.naver.com/mnews/article/003/0013641775?sid=100,김지은 김경록 기자 = 정부와 소프트뱅크 자회사인 <b>반도체</b> 설계회사 ARM이 한국 <b>반도체</b>와 AI 산업 강화를 위한 양해각서(MOU)를 체결했다고 대통령실이 5일 밝혔다. 김용범 정책실장은 이날 용산 대통령실에서 브리핑을... ,"Fri, 05 Dec 2025 14:14:00 +0900",success
2025-12-07 08:00:02,반도체,'Arm 스쿨'서 글로벌 <b>반도체</b>설계 인재 1400명 키운다,https://n.news.naver.com/mnews/article/009/0005601645?sid=101,"산업부, Arm과 MOU 비메모리 경쟁력 강화 포석 <b>반도체</b> 특성화 대학원에 광주과학기술원 지정 유력 이재명 대통령이 5일 손정의 소프트뱅크 회장을 만나 <b>반도체</b> 설계 분야 인력 양성에 협력하기로 한 것은 한국이 상대적... ","Fri, 05 Dec 2025 17:22:00 +0900",success
2025-12-07 08:00:02,반도체,수출 7000억달러 눈앞…<b>반도체</b>가 주역,https://n.news.naver.com/mnews/article/022/0004087922?sid=101,올해 인공지능(AI)발 <b>반도체</b> 수요 급증과 고단가 선박 인도 시기가 맞물려 수출 증가가 가팔랐던 것으로... 사진=연합뉴스 사상 첫 7000억달러 수출의 주역은 <b>반도체</b>와 선박이다. <b>반도체</b>는 ‘장기 호황(슈퍼사이클)... ,"Fri, 05 Dec 2025 13:23:00 +0900",success
2025-12-07 08:00:02,반도체,대통령실 &quot;ARM과 <b>반도체</b> 설계인재 1400명 키운다&quot;,https://n.news.naver.com/mnews/article/014/0005444871?sid=100,1400명의 <b>반도체</b> 설계 전문인재를 양성하는 'ARM 스쿨(가칭)' 설립을 본격 논의했다고 밝혔다.... 김용범 대통령실 정책실장은 이날 브리핑에서 &quot;ARM 스쿨은 ARM이 가진 설계(IP) 전문성을 기반으로 한 <b>반도체</b> 특화... ,"Fri, 05 Dec 2025 14:29:00 +0900",success
2025-12-07 08:00:02,코스피,"<b>코스피</b>, 외국인·기관 매수에 힘입어 4100선 회복",https://n.news.naver.com/mnews/article/050/0000099277?sid=101,"<b>코스피</b>가 5일 반등하며 4,100선을 되찾았다. 이날 유가증권시장에서 <b>코스피</b>지수는 전장보다 71.54포인트(1.78%) 오른 4,100.05로 거래를 마감했다. 장 초반 4,023.50에서 약세로 출발했으나 곧 상승세로 돌아섰다. 4100선... ","Fri, 05 Dec 2025 16:29:00 +0900",success
2025-12-07 08:00:02,코스피,"<b>코스피</b>, 4,100선 회복하며 상승 마감…코스닥은 내려",https://n.news.naver.com/mnews/article/001/0015781569?sid=101,"<b>코스피</b>가 5일 4,100선을 회복했다. 이날 <b>코스피</b>는 전장보다 71.54포인트(1.78%) 오른 4,100.05에 장을 마쳤다. 지수는 전장 대비 5.01포인트(0.12%) 내린 4,023.50으로 출발했으나 장 초반 상승 전환해 4... ","Fri, 05 Dec 2025 15:38:00 +0900",success
2025-12-07 08:00:02,코스피,[포토타임] <b>코스피</b> 4100 회복하며 상승 마감...,https://n.news.naver.com/mnews/article/025/0003487700?sid=102,"■ 2025.12.05 오후 4:00 <b>코스피</b> 4100 회복하며 상승 마감... 5일 오후 서울 중구 하나은행 딜링룸에서 딜러들이 업무를 보고 있다. 이날 <b>코스피</b> 지수는 전 거래일 대비 71.54포인트(1.78%) 오른 4100.05로, 코스닥 지수는 전... ","Fri, 05 Dec 2025 08:48:00 +0900",success
2025-12-07 08:00:02,코스피,<b>코스피</b> 4100선 회복…외국인·기관 ‘쌍끌이’ 사자 [투자360],https://n.news.naver.com/mnews/article/016/0002568012?sid=101,이날 <b>코스피</b>는 전장보다 71.54포인트(1.78%) 오른 4100.05에 장을 마쳤다. 지수는 전장 대비 5.01포인트(0.12... [연합] [헤럴드경제=김유진 기자] <b>코스피</b>가 5일 외국인과 기관의 동반 매수세에 힘입어 4100선을 재탈환... ,"Fri, 05 Dec 2025 16:47:00 +0900",success
2025-12-07 08:00:02,코스피,"<b>코스피</b>, 3주 만에 4100선 마감…외인·기관 2조 ‘쌍끌이’",https://n.news.naver.com/mnews/article/022/0004088001?sid=101,<b>코스피</b>가 5일 4100선을 탈환하고 장을 마쳤다. 외국인과 기관의 매수세가 지수 상승을 견인했다. 이날 <b>코스피</b>는 전장보다 71.54포인트(1.78%) 오른 4100.05에 장을 마쳤다. 종가 기준 4100선을 넘은 것은 지난달... ,"Fri, 05 Dec 2025 16:13:00 +0900",success
2025-12-07 12:41:13,경제,"대통령실, 새 정부 6개월 성과 간담회...외교·<b>경제</b> 회복에 방점",https://n.news.naver.com/mnews/article/052/0002283631?sid=100,"외교와 <b>경제</b> 회복이 비중 있게 다뤄질 걸로 예상되는데요, 취재기자 연결합니다. 정인용 기자, 간담회 소식... 강훈식 비서실장과 김용범 정책실장, 위성락 안보실장 등 3실장과 수석비서관들이 참석해, <b>경제</b>, 외교, 사회 등... ","Sun, 07 Dec 2025 11:53:00 +0900",success
2025-12-07 12:41:13,경제,"아세안+3 거시<b>경제</b>조사기구, 2주간 연례협의",https://n.news.naver.com/mnews/article/001/0015782707?sid=101,'아세안+3 역내 거시<b>경제</b>조사기구'(AMRO)가 오는 8일부터 2주간 연례협의를 한다고 기획재정부가 7일 밝혔다. 아세안(ASEAN) 10개국 및 한·중·일이 참여하는 AMRO는 회원국 <b>경제</b>동향을 점검하고 <b>경제</b>·금융 안정을... ,"Sun, 07 Dec 2025 12:00:00 +0900",success
2025-12-07 12:41:13,경제,AMRO 연례협의단 방한…韓<b>경제</b>동향·전망 실무협의,https://n.news.naver.com/mnews/article/003/0013643441?sid=101,기획재정부는 '아세안+3 역내 거시<b>경제</b>조사기구'(AMRO)가 오는 8일부터 19일까지 우리나라와 2025년도 연례협의를 실시한다고 7일 밝혔다. AMRO는 아세안+3 회원국(아세안 10개국+한국·일본·중국)의 <b>경제</b>동향을... ,"Sun, 07 Dec 2025 12:00:00 +0900",success
2025-12-07 12:41:13,경제,"정부, 8~19일 AMRO와 연례협의…<b>경제</b>동향 점검",https://n.news.naver.com/mnews/article/421/0008647094?sid=101,기획재정부는 오는 8~19일 아세안+3 역내 거시<b>경제</b>조사기구(AMRO)와 2025년도 연례협의를 실시한다고 7일 밝혔다. AMRO는 아세안+3 회원국의 <b>경제</b> 동향을 점검하고 회원국의 <b>경제</b>·금융 안정을 지원하기 위해 운영 중인... ,"Sun, 07 Dec 2025 12:00:00 +0900",success
2025-12-07 12:41:13,경제,<b>경제</b> 위기에 '역대급 재난' 강타...사망자 600명 넘어,https://n.news.naver.com/mnews/article/215/0001233643?sid=104,남아시아 국가 스리랑카에서 사이클론 '디트와'로 인한 홍수와 산사태 피해 등으로 사망자 수가 600명을 넘겼다. 이런 와중에 폭우로 인한 추가 산사태 경보까지 나왔다. 스리랑카 재난 당국이 디트와로 인한 홍수와... ,"Sat, 06 Dec 2025 17:10:00 +0900",success
2025-12-07 12:41:13,부동산,‘가짜’ <b>부동산</b> 경매학원…수강생 상대 80억원 투자사기로 ‘중형’,https://n.news.naver.com/mnews/article/243/0000089218?sid=101,"<b>부동산</b>경매 투자학원을 운영하며 수강생들을 상대로 수십억 원대 투자 사기 피해를 준 혐의로 재판에... A씨는 부산의 한 <b>부동산</b>경매 투자학원 원장, B씨는 해당 학원의 부원장이면서 투자회사 C사의 대표였다. 두... ","Sat, 06 Dec 2025 17:28:00 +0900",success
2025-12-07 12:41:13,부동산,"줄이고, 갈아타고, 재구축하고… 새해 ‘3R <b>부동산</b> 투자전략’",https://n.news.naver.com/mnews/article/037/0000037360?sid=101,내년 <b>부동산</b>시장의 핵심 변수는 크게 3가지다. 우선 정부 정책 방향이다. 고가 주택시장을 겨냥한 대출... <b>부동산</b> 세금 부담 확대 전망 특히 주목할 시장 상황은 주택 공급 감소다. 한국건설산업연구원 분석에 따르면... ,"Sun, 07 Dec 2025 09:02:00 +0900",success
2025-12-07 12:41:13,부동산,"한신평&quot;<b>부동산</b>신탁사, 589억 순손실에 재무건전성 비상&quot;",https://n.news.naver.com/mnews/article/293/0000076106?sid=101,<b>부동산</b> 경기 침체 장기화로 국내 <b>부동산</b>신탁업계가 전례 없는 혹한기를 보내고 있다. 수익성 악화와 대규모 대손충당금 적립 부담이 겹치면서 업계 전반에 적자 기조가 고착화되는 모양새다. 7일 한국신용평가에 따르면... ,"Sun, 07 Dec 2025 07:00:00 +0900",success
2025-12-07 12:41:13,부동산,"19억5000만원 청담동 아파트, 9년 만에 팔린 가격이… [데이터로 보는 부...",https://n.news.naver.com/mnews/article/015/0005221016?sid=101,6일 <b>부동산</b> 플랫폼 직방에 따르면 지난주 전국에서 가장 비싸게 거래된 아파트는 서울 강남구 청담동 ‘삼호빌라’였다. 전용면적 229㎡ 물건이 49억원에 거래됐다. 같은 면적이 2016년 19억5000만원에 거래된 후... ,"Sat, 06 Dec 2025 18:44:00 +0900",success
2025-12-07 12:41:13,부동산,"새 정부 <b>부동산</b> 대책 평가, ‘이것’으로 엇갈렸다…긍정 47.7% vs 부정 4...",https://n.news.naver.com/mnews/article/009/0005601871?sid=101,10·15 <b>부동산</b> 대책으로 서울 전역과 경기 분당·과천 등 12개 지역이 토지거래허가구역으로 지정된 것과... 6일 리얼미터가 전국 만 18세 이상 1005명을 상대로 지난 2∼3일 현 정부의 <b>부동산</b> 정책에 대한 평가를 조사해... ,"Sat, 06 Dec 2025 13:30:00 +0900",success
2025-12-07 12:41:13,반도체,"SK하이닉스, 세계<b>반도체</b>연맹 어워즈 2개 부문 수상",https://n.news.naver.com/mnews/article/003/0013643237?sid=101,SK하이닉스는 지난 4일(현지시간) 미국 캘리포니아주 산타클라라에서 개최된 세계<b>반도체</b>연맹(GSA) 주최 GSA 어워즈 2025에서 연 매출 10억 달러 초과 부문 최우수 재무관리 <b>반도체</b> 기업상과 우수 아시아 태평양 <b>반도체</b>... ,"Sun, 07 Dec 2025 09:11:00 +0900",success
2025-12-07 12:41:13,반도체,<b>반도체</b> 빼면 마이너스…'신기록' 앞둔 한국 수출 '초유의 상황',https://n.news.naver.com/mnews/article/015/0005221054?sid=101,"올해 <b>반도체</b> 수출 호조에 힘입어 우리나라 연간 수출이 사상 첫 7000억달러 돌파 가시권에 들어섰다. 인공지능(AI) 붐으로 미국 빅테크 등에서 고대역폭메모리(HBM), 솔리드스테이트드라이브(SSD) 같은 AI용 <b>반도체</b>... ","Sun, 07 Dec 2025 09:54:00 +0900",success
2025-12-07 12:41:13,반도체,지주회사 규제 풀어 AI·<b>반도체</b> 키운다…금융리스업 허용도 준비,https://n.news.naver.com/mnews/article/001/0015782397?sid=105,정부는 인공지능(AI)이나 <b>반도체</b> 등 대규모 투자가 필요한 전략 산업이 글로벌 경쟁에서 우위를 차지할 수... <b>반도체</b>는 워낙 대규모 투자가 필요하기 때문에 선택의 폭이 좁은 것으로 알려져 있다. SK하이닉스는 2019년... ,"Sun, 07 Dec 2025 05:53:00 +0900",success
2025-12-07 12:41:13,반도체,"SK하이닉스, 세계<b>반도체</b>연맹 시상식서 2개 부문 수상",https://n.news.naver.com/mnews/article/023/0003945407?sid=105,SK하이닉스는 세계<b>반도체</b>연맹(GSA)이 주최한 ‘GSA 어워즈 2025′에서 2개 상을 받았다고 7일 밝혔다.... 재무관리 <b>반도체</b> 기업상’과 ‘우수 아시아태평양 <b>반도체</b> 기업상’을 수상했다. 최우수 재무관리 부문은... ,"Sun, 07 Dec 2025 12:08:00 +0900",success
2025-12-07 12:41:13,반도체,"“HBM으로 경영성과 입증” SK하이닉스, 세계<b>반도체</b>연맹 시상식서 2개 부...",https://n.news.naver.com/mnews/article/016/0002568259?sid=101,‘GSA 어워즈 2025’서 영예 ‘아태 <b>반도체</b> 기업상’ 첫 수상 ‘최우수 재무관리 기업’ 선정 김주선(왼쪽... 세계<b>반도체</b>연맹(GSA) 주최 ‘GSA 어워즈 2025’에서 ‘연 매출 10억 달러 초과 부문 최우수 재무관리 <b>반도체</b>... ,"Sun, 07 Dec 2025 09:31:00 +0900",success
2025-12-07 12:41:13,코스피,"美 금리 내릴까…<b>코스피</b>, FOMC 앞두고 방향성 탐색 [주간전망]",https://n.news.naver.com/mnews/article/015/0005221041?sid=101,증권가(街)는 이번주(8~12일) <b>코스피</b>지수가 미국 중앙은행(Fed)의 기준금리 결정을 지켜보면서 방향성 탐색에 나설 것으로 전망했다. NH투자증권은 7일 이번주 <b>코스피</b>지수가 3850~4200선 사이에서 움직일 것으로 예상했다.... ,"Sun, 07 Dec 2025 08:01:00 +0900",success
2025-12-07 12:41:13,코스피,"[마켓 ING]4100선 회복한 <b>코스피</b>, '산타랠리' 오나",https://n.news.naver.com/mnews/article/277/0005689939?sid=101,"<b>코스피</b>가 지난주 4100선 회복하면서 연말 '산타랠리'에 대한 기대감이 커지고 있다. 지난달... 지난주 <b>코스피</b>는 4.42%, 코스닥은 1.32% 각각 상승했다. 이경민 대신증권 연구원은 &quot;<b>코스피</b> 3800선 지지력을 바탕으로... ","Sun, 07 Dec 2025 10:15:00 +0900",success
2025-12-07 12:41:13,코스피,4100선 회복한 <b>코스피</b> 더 달릴까,https://n.news.naver.com/mnews/article/009/0005602006?sid=101,이번주 증시전망 美금리인하 기대 선반영돼 수급개선에 오르는 코스닥 활성화 대책 영향 따져봐야 <b>코스피</b>가 4100선을 넘어선 가운데 이번주 증시의 관심은 미국 연방준비제도이사회(연준)의 금리결정에 쏠려있다.... ,"Sun, 07 Dec 2025 11:08:00 +0900",success
2025-12-07 12:41:13,코스피,"<b>코스피</b>, 외국인·기관 매수에 힘입어 4100선 회복",https://n.news.naver.com/mnews/article/050/0000099277?sid=101,"<b>코스피</b>가 5일 반등하며 4,100선을 되찾았다. 이날 유가증권시장에서 <b>코스피</b>지수는 전장보다 71.54포인트(1.78%) 오른 4,100.05로 거래를 마감했다. 장 초반 4,023.50에서 약세로 출발했으나 곧 상승세로 돌아섰다. 4100선... ","Fri, 05 Dec 2025 16:29:00 +0900",success
2025-12-07 12:41:13,코스피,"<b>코스피</b>, 4,100선 회복하며 상승 마감…코스닥은 내려",https://n.news.naver.com/mnews/article/001/0015781569?sid=101,"<b>코스피</b>가 5일 4,100선을 회복했다. 이날 <b>코스피</b>는 전장보다 71.54포인트(1.78%) 오른 4,100.05에 장을 마쳤다. 지수는 전장 대비 5.01포인트(0.12%) 내린 4,023.50으로 출발했으나 장 초반 상승 전환해 4... ","Fri, 05 Dec 2025 15:38:00 +0900",success
2025-12-07 12:42:22,경제,"대통령실, 새 정부 6개월 성과 간담회...외교·<b>경제</b> 회복에 방점",https://n.news.naver.com/mnews/article/052/0002283631?sid=100,"외교와 <b>경제</b> 회복이 비중 있게 다뤄질 걸로 예상되는데요, 취재기자 연결합니다. 정인용 기자, 간담회 소식... 강훈식 비서실장과 김용범 정책실장, 위성락 안보실장 등 3실장과 수석비서관들이 참석해, <b>경제</b>, 외교, 사회 등... ","Sun, 07 Dec 2025 11:53:00 +0900",success
2025-12-07 12:42:22,경제,"아세안+3 거시<b>경제</b>조사기구, 2주간 연례협의",https://n.news.naver.com/mnews/article/001/0015782707?sid=101,'아세안+3 역내 거시<b>경제</b>조사기구'(AMRO)가 오는 8일부터 2주간 연례협의를 한다고 기획재정부가 7일 밝혔다. 아세안(ASEAN) 10개국 및 한·중·일이 참여하는 AMRO는 회원국 <b>경제</b>동향을 점검하고 <b>경제</b>·금융 안정을... ,"Sun, 07 Dec 2025 12:00:00 +0900",success
2025-12-07 12:42:22,경제,AMRO 연례협의단 방한…韓<b>경제</b>동향·전망 실무협의,https://n.news.naver.com/mnews/article/003/0013643441?sid=101,기획재정부는 '아세안+3 역내 거시<b>경제</b>조사기구'(AMRO)가 오는 8일부터 19일까지 우리나라와 2025년도 연례협의를 실시한다고 7일 밝혔다. AMRO는 아세안+3 회원국(아세안 10개국+한국·일본·중국)의 <b>경제</b>동향을... ,"Sun, 07 Dec 2025 12:00:00 +0900",success
2025-12-07 12:42:22,경제,"정부, 8~19일 AMRO와 연례협의…<b>경제</b>동향 점검",https://n.news.naver.com/mnews/article/421/0008647094?sid=101,기획재정부는 오는 8~19일 아세안+3 역내 거시<b>경제</b>조사기구(AMRO)와 2025년도 연례협의를 실시한다고 7일 밝혔다. AMRO는 아세안+3 회원국의 <b>경제</b> 동향을 점검하고 회원국의 <b>경제</b>·금융 안정을 지원하기 위해 운영 중인... ,"Sun, 07 Dec 2025 12:00:00 +0900",success
2025-12-07 12:42:22,경제,<b>경제</b> 위기에 '역대급 재난' 강타...사망자 600명 넘어,https://n.news.naver.com/mnews/article/215/0001233643?sid=104,남아시아 국가 스리랑카에서 사이클론 '디트와'로 인한 홍수와 산사태 피해 등으로 사망자 수가 600명을 넘겼다. 이런 와중에 폭우로 인한 추가 산사태 경보까지 나왔다. 스리랑카 재난 당국이 디트와로 인한 홍수와... ,"Sat, 06 Dec 2025 17:10:00 +0900",success
2025-12-07 12:42:22,부동산,‘가짜’ <b>부동산</b> 경매학원…수강생 상대 80억원 투자사기로 ‘중형’,https://n.news.naver.com/mnews/article/243/0000089218?sid=101,"<b>부동산</b>경매 투자학원을 운영하며 수강생들을 상대로 수십억 원대 투자 사기 피해를 준 혐의로 재판에... A씨는 부산의 한 <b>부동산</b>경매 투자학원 원장, B씨는 해당 학원의 부원장이면서 투자회사 C사의 대표였다. 두... ","Sat, 06 Dec 2025 17:28:00 +0900",success
2025-12-07 12:42:22,부동산,"줄이고, 갈아타고, 재구축하고… 새해 ‘3R <b>부동산</b> 투자전략’",https://n.news.naver.com/mnews/article/037/0000037360?sid=101,내년 <b>부동산</b>시장의 핵심 변수는 크게 3가지다. 우선 정부 정책 방향이다. 고가 주택시장을 겨냥한 대출... <b>부동산</b> 세금 부담 확대 전망 특히 주목할 시장 상황은 주택 공급 감소다. 한국건설산업연구원 분석에 따르면... ,"Sun, 07 Dec 2025 09:02:00 +0900",success
2025-12-07 12:42:22,부동산,"한신평&quot;<b>부동산</b>신탁사, 589억 순손실에 재무건전성 비상&quot;",https://n.news.naver.com/mnews/article/293/0000076106?sid=101,<b>부동산</b> 경기 침체 장기화로 국내 <b>부동산</b>신탁업계가 전례 없는 혹한기를 보내고 있다. 수익성 악화와 대규모 대손충당금 적립 부담이 겹치면서 업계 전반에 적자 기조가 고착화되는 모양새다. 7일 한국신용평가에 따르면... ,"Sun, 07 Dec 2025 07:00:00 +0900",success
2025-12-07 12:42:22,부동산,"19억5000만원 청담동 아파트, 9년 만에 팔린 가격이… [데이터로 보는 부...",https://n.news.naver.com/mnews/article/015/0005221016?sid=101,6일 <b>부동산</b> 플랫폼 직방에 따르면 지난주 전국에서 가장 비싸게 거래된 아파트는 서울 강남구 청담동 ‘삼호빌라’였다. 전용면적 229㎡ 물건이 49억원에 거래됐다. 같은 면적이 2016년 19억5000만원에 거래된 후... ,"Sat, 06 Dec 2025 18:44:00 +0900",success
2025-12-07 12:42:22,부동산,"새 정부 <b>부동산</b> 대책 평가, ‘이것’으로 엇갈렸다…긍정 47.7% vs 부정 4...",https://n.news.naver.com/mnews/article/009/0005601871?sid=101,10·15 <b>부동산</b> 대책으로 서울 전역과 경기 분당·과천 등 12개 지역이 토지거래허가구역으로 지정된 것과... 6일 리얼미터가 전국 만 18세 이상 1005명을 상대로 지난 2∼3일 현 정부의 <b>부동산</b> 정책에 대한 평가를 조사해... ,"Sat, 06 Dec 2025 13:30:00 +0900",success
2025-12-07 12:42:22,반도체,"SK하이닉스, 세계<b>반도체</b>연맹 어워즈 2개 부문 수상",https://n.news.naver.com/mnews/article/003/0013643237?sid=101,SK하이닉스는 지난 4일(현지시간) 미국 캘리포니아주 산타클라라에서 개최된 세계<b>반도체</b>연맹(GSA) 주최 GSA 어워즈 2025에서 연 매출 10억 달러 초과 부문 최우수 재무관리 <b>반도체</b> 기업상과 우수 아시아 태평양 <b>반도체</b>... ,"Sun, 07 Dec 2025 09:11:00 +0900",success
2025-12-07 12:42:22,반도체,<b>반도체</b> 빼면 마이너스…'신기록' 앞둔 한국 수출 '초유의 상황',https://n.news.naver.com/mnews/article/015/0005221054?sid=101,"올해 <b>반도체</b> 수출 호조에 힘입어 우리나라 연간 수출이 사상 첫 7000억달러 돌파 가시권에 들어섰다. 인공지능(AI) 붐으로 미국 빅테크 등에서 고대역폭메모리(HBM), 솔리드스테이트드라이브(SSD) 같은 AI용 <b>반도체</b>... ","Sun, 07 Dec 2025 09:54:00 +0900",success
2025-12-07 12:42:22,반도체,지주회사 규제 풀어 AI·<b>반도체</b> 키운다…금융리스업 허용도 준비,https://n.news.naver.com/mnews/article/001/0015782397?sid=105,정부는 인공지능(AI)이나 <b>반도체</b> 등 대규모 투자가 필요한 전략 산업이 글로벌 경쟁에서 우위를 차지할 수... <b>반도체</b>는 워낙 대규모 투자가 필요하기 때문에 선택의 폭이 좁은 것으로 알려져 있다. SK하이닉스는 2019년... ,"Sun, 07 Dec 2025 05:53:00 +0900",success
2025-12-07 12:42:22,반도체,"SK하이닉스, 세계<b>반도체</b>연맹 시상식서 2개 부문 수상",https://n.news.naver.com/mnews/article/023/0003945407?sid=105,SK하이닉스는 세계<b>반도체</b>연맹(GSA)이 주최한 ‘GSA 어워즈 2025′에서 2개 상을 받았다고 7일 밝혔다.... 재무관리 <b>반도체</b> 기업상’과 ‘우수 아시아태평양 <b>반도체</b> 기업상’을 수상했다. 최우수 재무관리 부문은... ,"Sun, 07 Dec 2025 12:08:00 +0900",success
2025-12-07 12:42:22,반도체,"“HBM으로 경영성과 입증” SK하이닉스, 세계<b>반도체</b>연맹 시상식서 2개 부...",https://n.news.naver.com/mnews/article/016/0002568259?sid=101,‘GSA 어워즈 2025’서 영예 ‘아태 <b>반도체</b> 기업상’ 첫 수상 ‘최우수 재무관리 기업’ 선정 김주선(왼쪽... 세계<b>반도체</b>연맹(GSA) 주최 ‘GSA 어워즈 2025’에서 ‘연 매출 10억 달러 초과 부문 최우수 재무관리 <b>반도체</b>... ,"Sun, 07 Dec 2025 09:31:00 +0900",success
2025-12-07 12:42:22,코스피,"美 금리 내릴까…<b>코스피</b>, FOMC 앞두고 방향성 탐색 [주간전망]",https://n.news.naver.com/mnews/article/015/0005221041?sid=101,증권가(街)는 이번주(8~12일) <b>코스피</b>지수가 미국 중앙은행(Fed)의 기준금리 결정을 지켜보면서 방향성 탐색에 나설 것으로 전망했다. NH투자증권은 7일 이번주 <b>코스피</b>지수가 3850~4200선 사이에서 움직일 것으로 예상했다.... ,"Sun, 07 Dec 2025 08:01:00 +0900",success
2025-12-07 12:42:22,코스피,"[마켓 ING]4100선 회복한 <b>코스피</b>, '산타랠리' 오나",https://n.news.naver.com/mnews/article/277/0005689939?sid=101,"<b>코스피</b>가 지난주 4100선 회복하면서 연말 '산타랠리'에 대한 기대감이 커지고 있다. 지난달... 지난주 <b>코스피</b>는 4.42%, 코스닥은 1.32% 각각 상승했다. 이경민 대신증권 연구원은 &quot;<b>코스피</b> 3800선 지지력을 바탕으로... ","Sun, 07 Dec 2025 10:15:00 +0900",success
2025-12-07 12:42:22,코스피,4100선 회복한 <b>코스피</b> 더 달릴까,https://n.news.naver.com/mnews/article/009/0005602006?sid=101,이번주 증시전망 美금리인하 기대 선반영돼 수급개선에 오르는 코스닥 활성화 대책 영향 따져봐야 <b>코스피</b>가 4100선을 넘어선 가운데 이번주 증시의 관심은 미국 연방준비제도이사회(연준)의 금리결정에 쏠려있다.... ,"Sun, 07 Dec 2025 11:08:00 +0900",success
2025-12-07 12:42:22,코스피,"<b>코스피</b>, 외국인·기관 매수에 힘입어 4100선 회복",https://n.news.naver.com/mnews/article/050/0000099277?sid=101,"<b>코스피</b>가 5일 반등하며 4,100선을 되찾았다. 이날 유가증권시장에서 <b>코스피</b>지수는 전장보다 71.54포인트(1.78%) 오른 4,100.05로 거래를 마감했다. 장 초반 4,023.50에서 약세로 출발했으나 곧 상승세로 돌아섰다. 4100선... ","Fri, 05 Dec 2025 16:29:00 +0900",success
2025-12-07 12:42:22,코스피,"<b>코스피</b>, 4,100선 회복하며 상승 마감…코스닥은 내려",https://n.news.naver.com/mnews/article/001/0015781569?sid=101,"<b>코스피</b>가 5일 4,100선을 회복했다. 이날 <b>코스피</b>는 전장보다 71.54포인트(1.78%) 오른 4,100.05에 장을 마쳤다. 지수는 전장 대비 5.01포인트(0.12%) 내린 4,023.50으로 출발했으나 장 초반 상승 전환해 4... ","Fri, 05 Dec 2025 15:38:00 +0900",success
